rank,name,position,slug_espn,gp,mpg,orpm,drpm,rpm,wins
1,Stephen Curry,PG,GS,80,32.7,7.43,1.91,9.34,20.07
2,LeBron James,SF,CLE,69,36.1,6.02,2.76,8.78,17.03
3,James Harden,PG,HOU,81,36.8,8.66,-0.16,8.5,20.63
4,Anthony Davis,PF,NO,68,36.1,3.98,4.2,8.18,15.86
5,Kawhi Leonard,SF,SA,64,31.8,2.98,4.59,7.57,12.67
6,Russell Westbrook,PG,OKC,67,34.4,7.79,-0.71,7.08,14.15
7,Chris Paul,PG,LAC,82,34.8,6.45,0.47,6.92,16.75
8,Draymond Green,PF,GS,79,31.5,1.57,5.23,6.8,14.8
9,DeMarcus Cousins,C,SAC,59,34.1,1.41,4.71,6.12,10.86
10,Khris Middleton,SF,MIL,79,30.1,1.97,4.09,6.06,12.42
11,Kyle Korver,SG,ATL,75,32.2,4.08,1.34,5.42,11.59
12,Danny Green,SG,SA,81,28.5,3.25,2.16,5.41,11
13,Tim Duncan,C,SA,77,28.9,0.53,4.67,5.2,10.33
14,Paul Millsap,PF,ATL,73,32.7,2.87,2.22,5.09,11.01
15,Tony Allen,SG,MEM,63,26.2,-0.11,4.92,4.81,7.23
16,Zaza Pachulia,C,MIL,73,23.7,1.38,3.42,4.8,7.66
17,Tyson Chandler,C,DAL,75,30.5,1.04,3.54,4.58,9.99
18,Zach Randolph,PF,MEM,71,32.5,1.84,2.71,4.55,9.58
19,Gordon Hayward,SF,UTAH,76,34.4,3.3,1.19,4.49,10.81
20,DeAndre Jordan,C,LAC,82,34.4,2.03,2.43,4.46,12.08
21,Cody Zeller,C,CHA,62,24,1.12,3.23,4.35,6.08
22,John Wall,PG,WSH,79,35.9,2.57,1.73,4.3,11.63
23,Jimmy Butler,SG,CHI,65,38.7,3.87,0.43,4.3,10.31
24,Kevin Durant,SF,OKC,27,33.8,3.53,0.67,4.2,3.87
25,LaMarcus Aldridge,PF,POR,71,35.4,3.7,0.36,4.06,9.95
26,Kyle Lowry,PG,TOR,70,34.5,2.58,1.25,3.83,9.28
27,George Hill,PG,IND,43,29.5,4.64,-0.87,3.77,4.76
28,Damian Lillard,PG,POR,82,35.7,4.14,-0.37,3.77,11.15
29,Wesley Matthews,SG,POR,60,33.7,1.38,2.27,3.65,7.55
30,Klay Thompson,SG,GS,77,31.9,4.36,-0.72,3.64,9.6
31,Marc Gasol,C,MEM,81,33.2,1.7,1.91,3.61,9.68
32,Nikola Mirotic,PF,CHI,82,20.2,1.75,1.75,3.5,5.92
33,Kelly Olynyk,PF,BOS,64,22.3,1.79,1.71,3.5,5.27
34,Serge Ibaka,PF,OKC,64,33.1,-0.05,3.51,3.46,7.75
35,Eric Bledsoe,PG,PHX,81,34.6,1.61,1.85,3.46,10.38
36,Markieff Morris,PF,PHX,82,31.5,0.4,3.03,3.43,9.49
37,Derrick Favors,PF,UTAH,74,30.8,1.22,2.18,3.4,7.84
38,Kyrie Irving,PG,CLE,75,36.4,4.29,-0.89,3.4,9.74
39,Luol Deng,SF,MIA,72,33.6,3.7,-0.33,3.37,8.41
40,Blake Griffin,PF,LAC,67,35.2,2.97,0.38,3.35,8.46
41,Mike Dunleavy,SG,CHI,63,29.2,1.18,2.15,3.33,6.38
42,Tiago Splitter,C,SA,52,19.8,0.59,2.7,3.29,3.58
43,Manu Ginobili,G,SA,70,22.7,1.53,1.75,3.28,5.51
44,Jrue Holiday,PG,NO,40,32.6,2.45,0.77,3.22,4.52
45,Matt Barnes,SF,LAC,76,29.9,1.34,1.83,3.17,7.94
46,Andrew Bogut,C,GS,67,23.6,-1.81,4.97,3.16,5.58
47,Tyreke Evans,SG,NO,79,34.1,3.8,-0.65,3.15,9.02
48,Timofey Mozgov,C,CLE/DEN,81,25.3,-0.57,3.43,2.86,6.68
49,Carmelo Anthony,PF,NY,40,35.7,4.9,-2.08,2.82,4.37
50,Michael Kidd-Gilchrist,SF,CHA,55,28.9,-0.82,3.63,2.81,5.07
51,Anthony Morrow,SG,OKC,74,24.4,2.33,0.43,2.76,5.89
52,Kevin Love,PF,CLE,75,33.8,1.75,0.96,2.71,7.92
53,Ricky Rubio,PG,MIN,22,31.5,0.38,2.33,2.71,2.25
54,Al-Farouq Aminu,PF,DAL,74,18.5,-0.26,2.93,2.67,4.32
55,Greg Monroe,C,DET,69,31,0.37,2.28,2.65,6.49
56,Thabo Sefolosha,SF,ATL,52,18.8,-0.37,2.97,2.6,2.94
57,Jonas Jerebko,PF,BOS/DET,75,16.4,0.95,1.65,2.6,3.72
58,Chandler Parsons,SF,DAL,66,33.1,2.47,0.07,2.54,6.79
59,Lou Williams,SG,TOR,80,25.2,4.49,-1.97,2.52,6.02
60,Bradley Beal,SG,WSH,63,33.4,1.93,0.55,2.48,6.13
61,Marcin Gortat,C,WSH,82,29.9,-0.1,2.56,2.46,7.28
62,Tyler Hansbrough,PF,TOR,74,14.3,0.67,1.79,2.46,3.08
63,Jared Dudley,SF,MIL,72,23.8,-0.1,2.47,2.37,5.04
64,Jusuf Nurkic,C,DEN,62,17.8,-1.69,4.02,2.33,3.33
65,Pau Gasol,C,CHI,78,34.4,0.85,1.45,2.3,7.71
66,Iman Shumpert,SG,CLE/NY,62,24.9,0.33,1.92,2.25,4.25
67,Marcus Smart,PG,BOS,67,27,1.17,1.05,2.22,5.21
68,Kenneth Faried,PF,DEN,75,27.8,1.9,0.25,2.15,5.96
69,Al Horford,C,ATL,76,30.5,0.32,1.82,2.14,6.34
70,Mike Conley,PG,MEM,70,31.8,2.36,-0.25,2.11,5.99
71,Robert Covington,SF,PHI,70,27.9,2.08,0.02,2.1,5.48
72,Elfrid Payton,PG,ORL,82,30.4,1.23,0.87,2.1,6.95
73,Lavoy Allen,F,IND,63,17,0.42,1.62,2.04,2.88
74,Andre Roberson,SG,OKC,67,19.2,-1.3,3.3,2,3.61
75,James Johnson,PF,TOR,70,19.6,0.33,1.66,1.99,3.66
76,Danilo Gallinari,SF,DEN,59,24.2,2.05,-0.07,1.98,3.9
77,Rudy Gobert,C,UTAH,82,26.3,-1.66,3.63,1.97,5.54
78,Dwight Howard,C,HOU,41,29.8,-0.12,2.08,1.96,3.32
79,Anthony Tolliver,PF,DET/PHX,76,18.8,2.09,-0.14,1.95,3.8
80,Monta Ellis,SG,DAL,80,33.7,1.81,0.11,1.92,7.38
81,Deron Williams,PG,BKN,68,31.1,2.36,-0.45,1.91,5.51
82,Nick Calathes,SG,MEM,58,14.4,-1.86,3.73,1.87,2.17
83,Jeff Teague,PG,ATL,73,30.5,0.92,0.95,1.87,5.88
84,Amir Johnson,C,TOR,75,26.4,0.51,1.32,1.83,5.09
85,Darrell Arthur,F,DEN,58,17,-2.08,3.91,1.83,2.63
86,Darren Collison,PG,SAC,45,34.8,1.53,0.26,1.79,4.12
87,Jeremy Lin,PG,LAL,74,25.8,1.39,0.27,1.66,4.75
88,Jared Sullinger,C,BOS,58,27,1.51,0.15,1.66,3.97
89,Ty Lawson,G,DEN,75,35.5,3.96,-2.36,1.6,6.75
90,Trevor Ariza,SF,HOU,82,35.7,-0.78,2.36,1.58,7.28
91,CJ Miles,SF,IND,70,26.3,0.41,1.17,1.58,4.54
92,Isaiah Thomas,PG,BOS/PHX,67,25.8,4.14,-2.69,1.45,4.16
93,Elijah Millsap,SG,UTAH,47,19.7,-1.99,3.42,1.43,2.1
94,JJ Redick,SG,LAC,78,30.9,1.14,0.26,1.4,5.72
95,Andre Iguodala,SG,GS,77,26.9,0.37,0.99,1.36,4.88
96,CJ McCollum,SG,POR,62,15.7,0.46,0.89,1.35,2.26
97,Pero Antic,PF,ATL,63,16.5,-0.12,1.46,1.34,2.35
98,Nick Collison,F,OKC,66,16.7,-0.83,2.13,1.3,2.54
99,Alan Anderson,SG,BKN,74,23.6,-0.91,2.21,1.3,3.94
100,Kentavious Caldwell-Pope,SG,DET,82,31.5,1.66,-0.37,1.29,5.78
101,Brandon Jennings,G,DET,41,28.6,2.64,-1.41,1.23,2.62
102,Otto Porter Jr.,SF,WSH,74,19.4,1.82,-0.59,1.23,3.03
103,Thaddeus Young,PF,MIN/BKN,76,32,0.05,1.15,1.2,5.38
104,Reggie Jackson,PG,DET/OKC,77,29.5,2.28,-1.1,1.18,4.93
105,Joakim Noah,C,CHI,67,30.6,-1.12,2.21,1.09,4.33
106,Patty Mills,PG,SA,51,15.7,0.53,0.43,0.96,1.67
107,Ben McLemore,SG,SAC,82,32.6,0.2,0.71,0.91,5.51
108,Kevin Garnett,PF,MIN/BKN,47,20.3,-1.42,2.32,0.9,1.87
109,Derrick Rose,PG,CHI,51,30,1.15,-0.26,0.89,3.1
110,Jeremy Evans,F,UTAH,38,7,0.17,0.72,0.89,0.51
111,Cory Joseph,PG,SA,79,18.3,-0.05,0.93,0.88,2.83
112,Joe Johnson,G,BKN,80,34.9,2.11,-1.24,0.87,5.41
113,Josh McRoberts,PF,MIA,17,17.4,-0.37,1.24,0.87,0.56
114,Giannis Antetokounmpo,PF,MIL,81,31.4,-0.63,1.5,0.87,5.04
115,Joel Anthony,PF,DET,49,8.3,-1.82,2.68,0.86,0.8
116,Tristan Thompson,C,CLE,82,26.8,1.34,-0.48,0.86,4.25
117,Mike Muscala,PF,ATL,40,12.6,-0.1,0.92,0.82,0.98
118,J.J. Barea,PG,DAL,77,17.7,2.71,-1.93,0.78,2.64
119,Kosta Koufos,C,MEM,81,16.6,-2.56,3.3,0.74,2.56
120,Andre Drummond,C,DET,82,30.5,-0.07,0.81,0.74,4.75
121,Chris Bosh,PF,MIA,44,35.4,0.72,-0.04,0.68,2.82
122,Hassan Whiteside,C,MIA,48,23.8,-0.96,1.64,0.68,2.1
123,Dirk Nowitzki,PF,DAL,77,29.6,2.51,-1.89,0.62,4.22
124,Nene Hilario,C,WSH,67,25.3,-2.31,2.91,0.6,3.04
125,Tyler Zeller,C,BOS,82,21.1,-0.78,1.36,0.58,3.25
126,Luis Scola,F,IND,81,20.5,-0.3,0.87,0.57,3.03
127,Ronnie Price,PG,LAL,43,22.8,0.17,0.39,0.56,1.78
128,Nikola Pekovic,C,MIN,31,26.3,-0.43,0.99,0.56,1.49
129,Harrison Barnes,SF,GS,82,28.3,-0.68,1.23,0.55,4.37
130,Robin Lopez,C,POR,59,27.8,-1.21,1.74,0.53,2.94
131,JR Smith,SG,CLE/NY,70,29.7,1.02,-0.54,0.48,3.62
132,Marvin Williams,PF,CHA,78,26.1,-0.6,1.03,0.43,3.48
133,Rudy Gay,SF,SAC,68,35.4,2.87,-2.46,0.41,4.2
134,DeMarre Carroll,SF,ATL,70,31.3,0.79,-0.38,0.41,3.75
135,Nicolas Batum,SF,POR,71,33.5,0.26,0.12,0.38,4.08
136,C.J. Watson,PG,IND,57,24.9,0.72,-0.35,0.37,2.42
137,Gerald Henderson,SG,CHA,80,28.9,-0.65,1.01,0.36,3.84
138,Lou Amundson,PF,CLE/NY,53,17.7,-2.57,2.91,0.34,1.53
139,Patrick Patterson,PF,TOR,81,26.6,2.17,-1.83,0.34,3.52
140,Paul Pierce,SF,WSH,73,26.2,0.05,0.25,0.3,3.13
141,Cory Jefferson,F,BKN,50,10.6,-1.23,1.53,0.3,0.86
142,Dorell Wright,SF,POR,48,12.4,0.43,-0.16,0.27,0.96
143,Jeff Adrien,SF,MIN,17,12.6,-0.48,0.67,0.19,0.32
144,Jason Terry,G,HOU,77,21.3,-0.19,0.36,0.17,2.65
145,Sim Bhullar,C,SAC,3,1,-0.31,0.46,0.15,0
146,Aron Baynes,C,SA,70,16,-1.13,1.25,0.12,1.75
147,Mitch McGary,PF,OKC,32,15.2,-0.25,0.35,0.1,0.78
148,Donatas Motiejunas,PF,HOU,71,28.7,-1.04,1.13,0.09,3.13
149,Boris Diaw,C,SA,81,24.5,-0.2,0.26,0.06,2.93
150,David Lee,PF,GS,49,18.4,0.4,-0.35,0.05,1.39
151,Luigi Datome,SF,BOS/DET,21,10,-0.18,0.18,0,0.3
152,Roy Hibbert,C,IND,76,25.3,-2.44,2.43,-0.01,2.73
153,David West,F,IND,66,28.7,-1.06,1,-0.06,2.68
154,Alexis Ajinca,C,NO,68,14.1,-1.01,0.9,-0.11,1.27
155,Chris Andersen,PF,MIA,60,18.9,-2.08,1.94,-0.14,1.51
156,Wayne Ellington,SG,LAL,65,25.8,-0.69,0.53,-0.16,2.2
157,Meyers Leonard,PF,POR,55,15.4,-1.88,1.71,-0.17,1.16
158,DeMar DeRozan,SG,TOR,60,35,0.21,-0.39,-0.18,2.81
159,Chuck Hayes,PF,TOR,29,8.8,-0.33,0.08,-0.25,0.33
160,James Ennis III,SF,MIA,62,17,0.11,-0.36,-0.25,1.31
161,Elliot Williams,SG,NO/UTAH,13,9.2,0.53,-0.82,-0.29,0.05
162,Victor Oladipo,SG,ORL,72,35.7,1.28,-1.59,-0.31,3.29
163,Brandan Wright,F,BOS/DAL/PHX,75,19.3,-0.49,0.16,-0.33,1.84
164,Dwyane Wade,SG,MIA,62,31.8,1.61,-1.95,-0.34,2.41
165,Joel Freeland,C,POR,48,12.9,-1.81,1.47,-0.34,0.77
166,Rodney Stuckey,PG,IND,71,26.4,-0.19,-0.15,-0.34,2.31
167,Goran Dragic,PG,MIA/PHX,78,33.8,1.76,-2.1,-0.34,3.36
168,Avery Bradley,SG,BOS,77,31.5,-1.07,0.73,-0.34,3.13
169,Drew Gooden,PF,WSH,51,16.9,-0.29,-0.07,-0.36,1.03
170,Sergey Karasev,SG,BKN,33,16.8,-0.66,0.3,-0.36,0.69
171,Terrence Jones,PF,HOU,33,26.9,-1.17,0.8,-0.37,1.11
172,Rodney Hood,SG,UTAH,50,21.3,-0.48,0.07,-0.41,1.22
173,Kendall Marshall,PG,MIL,28,14.9,0.49,-0.91,-0.42,0.5
174,Miroslav Raduljica,C,MIN,5,4.6,-0.8,0.38,-0.42,0.03
175,Shaun Livingston,PG,GS,78,18.8,-1.27,0.83,-0.44,1.77
176,Jae Crowder,PF,BOS/DAL,82,20.1,0.63,-1.07,-0.44,1.99
177,Josh Smith,PF,DET/HOU,83,27.7,-1.84,1.39,-0.45,2.8
178,Larry Sanders,PF,MIL,27,21.7,-3.42,2.9,-0.52,0.69
179,Nazr Mohammed,C,CHI,23,5.6,-0.89,0.34,-0.55,0.14
180,Quincy Miller,SF,DET/SAC,10,11.9,-1,0.43,-0.57,0.14
181,James Michael McAdoo,SF,GS,15,9.1,0,-0.58,-0.58,0.15
182,Victor Claver,PF,POR,10,7.6,-0.66,0.07,-0.59,0.08
183,Tony Snell,SG,CHI,72,19.6,-0.29,-0.3,-0.59,1.53
184,Dewayne Dedmon,C,ORL,59,14.3,-2.79,2.2,-0.59,0.92
185,Brook Lopez,C,BKN,72,29.2,-0.76,0.16,-0.6,2.22
186,Matthew Dellavedova,PG,CLE,67,20.6,-0.52,-0.08,-0.6,1.44
187,Richard Jefferson,F,DAL,74,16.8,-0.45,-0.16,-0.61,1.38
188,Mason Plumlee,PF,BKN,82,21.3,-0.32,-0.29,-0.61,1.82
189,PJ Tucker,SF,PHX,78,30.6,-1.22,0.6,-0.62,2.6
190,Jonas Valanciunas,C,TOR,80,26.2,-1.71,1.03,-0.68,2.17
191,Mo Williams,PG,MIN/CHA,68,29.1,1.02,-1.74,-0.72,2.02
192,Pablo Prigioni,PG,HOU/NY,67,17.9,-0.42,-0.3,-0.72,1.2
193,Tyler Johnson,SG,MIA,32,18.8,0.44,-1.17,-0.73,0
194,Gorgui Dieng,C,MIN,73,30,-1.42,0.68,-0.74,2.2
195,Alex Len,C,PHX,69,22,-2.9,2.16,-0.74,1.59
196,Ian Mahinmi,C,IND,61,18.8,-3.22,2.47,-0.75,1.13
197,Hedo Turkoglu,SF,LAC,62,11.4,-0.04,-0.76,-0.8,0.68
198,Wesley Johnson,SF,LAL,76,29.5,-0.2,-0.6,-0.8,2.12
199,Jarnell Stokes,F,MEM,19,6.6,-1.56,0.76,-0.8,0.12
200,Dante Cunningham,SF,NO,66,25,-1.37,0.54,-0.83,1.49
201,Steve Blake,PG,POR,81,18.9,-0.12,-0.74,-0.86,1.41
202,Evan Fournier,SG,ORL,58,28.6,0.48,-1.35,-0.87,1.52
203,Tyrus Thomas,PF,MEM,2,3.5,-0.42,-0.46,-0.88,0.01
204,Alex Kirk,C,CLE,5,2.8,-0.98,0.09,-0.89,0.01
205,Al Jefferson,C,CHA,65,30.6,-1.47,0.56,-0.91,1.75
206,Courtney Lee,SG,MEM,77,30.6,0.23,-1.14,-0.91,2.05
207,Langston Galloway,SG,NY,45,32.4,-0.45,-0.47,-0.92,1.27
208,Ekpe Udoh,C,LAC,33,3.9,-1.23,0.3,-0.93,0.12
209,Jerrelle Benimon,F,UTAH,2,1.5,-1.17,0.21,-0.96,0
210,Bismack Biyombo,C,CHA,64,19.4,-2.57,1.58,-0.99,1.02
211,Kyle O'Quinn,C,ORL,51,16.2,-2.82,1.82,-1,0.69
212,Jack Cooley,F,UTAH,16,5.4,-1.67,0.66,-1.01,0.08
213,Robert Sacre,C,LAL,67,16.9,-2.61,1.59,-1.02,0.93
214,Kemba Walker,PG,CHA,62,34.2,0.97,-2,-1.03,1.69
215,Marcus Morris,PF,PHX,81,25.2,0.87,-1.91,-1.04,1.7
216,Aaron Brooks,G,CHI,82,23,1.25,-2.33,-1.08,1.46
217,Eric Moreland,PF,SAC,3,0.7,-0.57,-0.52,-1.09,0
218,Glenn Robinson III,SG,MIN/PHI,35,7.5,0.19,-1.28,-1.09,0.21
219,Ersan Ilyasova,PF,MIL,58,22.7,1.34,-2.45,-1.11,1.02
220,Shayne Whittington,PF,IND,20,5.4,-0.32,-0.79,-1.11,0.08
221,Elton Brand,PF,ATL,36,13.5,-1.93,0.81,-1.12,0.37
222,Ronny Turiaf,C,MIN,2,9.5,-1.28,0.16,-1.12,0.02
223,Trevor Booker,F,UTAH,79,19.8,0.39,-1.51,-1.12,1.14
224,Lester Hudson,SG,LAC,5,11.2,-0.22,-0.93,-1.15,0.04
225,Ed Davis,PF,LAL,79,23.3,-0.26,-0.89,-1.15,1.35
226,Reggie Evans,C,SAC,47,16.3,-1.07,-0.09,-1.16,0.55
227,Amar'e Stoudemire,C,DAL/NY,59,21.1,-0.05,-1.12,-1.17,0.88
228,Omer Asik,C,NO,76,26.1,-3.01,1.83,-1.18,1.41
229,Steven Adams,C,OKC,70,25.3,-2.72,1.54,-1.18,1.3
230,Mario Chalmers,G,MIA,80,29.6,-1.65,0.45,-1.2,1.65
231,Ryan Hollins,C,SAC,46,9.6,-1.98,0.77,-1.21,0.32
232,Jordan Adams,SG,MEM,30,8.3,-0.62,-0.61,-1.23,0.17
233,Garrett Temple,SG,WSH,52,14.2,-2.23,0.96,-1.27,0.48
234,Lucas Nogueira,C,TOR,6,3.8,-0.92,-0.35,-1.27,0.02
235,Will Barton,SG,DEN/POR,58,16.9,-1.62,0.34,-1.28,0.67
236,Jerami Grant,SF,PHI,65,21.2,-2.4,1.12,-1.28,0.94
237,Vince Carter,SF,MEM,66,16.5,-0.81,-0.49,-1.3,0.7
238,Shabazz Napier,PG,MIA,51,19.8,-1.67,0.37,-1.3,0.63
239,Taj Gibson,PF,CHI,62,27.3,-1.72,0.39,-1.33,1.05
240,Greg Smith,PF,DAL,42,8.6,-3.43,2.1,-1.33,0.23
241,Luc Mbah a Moute,PF,PHI,67,28.6,-3.12,1.78,-1.34,1.21
242,O.J. Mayo,SG,MIL,71,23.9,-0.71,-0.66,-1.37,1.05
243,Evan Turner,SG,BOS,82,27.6,-1.09,-0.28,-1.37,1.39
244,Joey Dorsey,PF,HOU,69,12.4,-2.42,1.03,-1.39,0.53
245,Channing Frye,F,ORL,75,24.9,-1.28,-0.12,-1.4,1.11
246,Eric Gordon,SG,NO,61,33.1,0.48,-1.88,-1.4,1.17
247,Brandon Bass,PF,BOS,82,23.5,-1.21,-0.21,-1.42,1.13
248,Paul George,SF,IND,6,15.2,-0.73,-0.71,-1.44,0.05
249,Marreese Speights,F,GS,76,15.9,0.02,-1.47,-1.45,0.72
250,Kenyon Martin,PF,MIL,11,9.5,-1.27,-0.21,-1.48,0.06
251,Ognjen Kuzmic,C,GS,16,4.5,-1.81,0.33,-1.48,0.04
252,Clint Capela,C,HOU,12,7.5,-1.97,0.49,-1.48,0.05
253,Nerlens Noel,PF,PHI,75,30.8,-4.85,3.35,-1.5,1.24
254,Gerald Wallace,SF,BOS,32,8.9,-0.86,-0.66,-1.52,0.15
255,Xavier Henry,SG,LAL,9,9.6,-0.33,-1.19,-1.52,0.04
256,Dwight Powell,PF,BOS/DAL,29,8.1,-1.01,-0.51,-1.52,0.13
257,Jeff Withey,C,NO,37,7,-0.83,-0.7,-1.53,0.13
258,Toney Douglas,PG,NO,12,14.8,0.16,-1.7,-1.54,0.03
259,Corey Brewer,F,HOU/MIN,80,26.1,-0.31,-1.24,-1.55,1.1
260,Mirza Teletovic,PF,BKN,40,22.3,-2.5,0.95,-1.55,0.43
261,Sean Kilpatrick,G,MIN,4,18,-0.66,-0.89,-1.55,0.04
262,Patrick Beverley,PG,HOU,56,30.8,-1.27,-0.3,-1.57,0.85
263,Festus Ezeli,C,GS,46,11,-2.14,0.57,-1.57,0.25
264,Tim Frazier,PG,PHI/POR,11,21.7,-0.64,-0.93,-1.57,0.08
265,Devin Harris,PG,DAL,76,22.2,0.24,-1.84,-1.6,0.79
266,Andre Miller,PG,SAC/WSH,81,15.5,0.51,-2.13,-1.62,0.55
267,David Wear,F,SAC,2,3.5,-0.93,-0.69,-1.62,0
268,Nick Young,G,LAL,42,23.8,0.07,-1.7,-1.63,0.45
269,Glen Davis,PF,LAC,74,12.2,-3.76,2.12,-1.64,0.4
270,Quincy Pondexter,SF,NO/MEM,75,23.9,-1.1,-0.54,-1.64,0.77
271,Jannero Pargo,PG,CHA,9,8.1,0.13,-1.79,-1.66,0.03
272,Andrew Wiggins,SF,MIN,82,36.2,0.47,-2.13,-1.66,1.28
273,Leandro Barbosa,G,GS,66,14.9,0.13,-1.82,-1.69,0.42
274,Spencer Hawes,PF,LAC,73,17.5,-2.6,0.91,-1.69,0.52
275,Ryan Anderson,PF,NO,61,27.5,2.05,-3.75,-1.7,0.66
276,Jason Richardson,SG,PHI,19,21.9,-1.2,-0.51,-1.71,0.17
277,Justin Holiday,SF,GS,59,11.1,-1.48,-0.23,-1.71,0.27
278,Julius Randle,PF,LAL,1,14,-1.52,-0.19,-1.71,0
279,Miles Plumlee,C,MIL/PHX,73,16.4,-2.01,0.28,-1.73,0.46
280,Jared Cunningham,SG,LAC,19,4.7,-1.03,-0.72,-1.75,0.04
281,Toure' Murry,SF,UTAH/WSH,5,3.6,-0.64,-1.11,-1.75,0
282,Omri Casspi,SF,SAC,67,21.1,-0.02,-1.74,-1.76,0.54
283,Dante Exum,PG,UTAH,82,22.2,-1.64,-0.13,-1.77,0.62
284,Jason Thompson,PF,SAC,81,24.6,-2.08,0.27,-1.81,0.67
285,Maurice Harkless,SF,ORL,45,15,-2.5,0.66,-1.84,0.22
286,Nikola Vucevic,C,ORL,74,34.2,-1.48,-0.37,-1.85,0.79
287,Russ Smith,PG,NO/MEM,12,5.4,-1.03,-0.85,-1.88,0.02
288,Greg Stiemsma,C,TOR,17,3.9,-1.24,-0.65,-1.89,0.02
289,Andre Dawkins,SG,MIA,4,5.5,-0.92,-0.99,-1.91,0.01
290,Devyn Marble,SF,ORL,16,13,-1.62,-0.29,-1.91,0.06
291,Caron Butler,SF,DET,78,20.8,-1.69,-0.23,-1.92,0.42
292,Shabazz Muhammad,F,MIN,38,22.8,0.61,-2.54,-1.93,0.23
293,Cartier Martin,PF,DET,23,8.6,-1.52,-0.42,-1.94,0.05
294,Tarik Black,C,HOU/LAL,63,19,-1.67,-0.28,-1.95,0.29
295,Jordan Hamilton,SG,LAC,14,8.7,-0.77,-1.22,-1.99,0.03
296,Terrence Ross,SG,TOR,82,25.5,1.76,-3.77,-2.01,0.43
297,Beno Udrih,PG,MEM,79,18.9,0.24,-2.28,-2.04,0.28
298,Wilson Chandler,SF,DEN,78,31.7,-0.64,-1.4,-2.04,0.49
299,Solomon Hill,SF,IND,82,29,-0.68,-1.36,-2.04,0.45
300,Michael Beasley,SF,MIA,24,21,-3.13,0.99,-2.14,0.07
301,Kobe Bryant,SF,LAL,35,34.5,0.91,-3.06,-2.15,0.15
302,Reggie Bullock,SG,LAC/PHX,36,9.4,-2.21,0.05,-2.16,0.04
303,John Jenkins,G,ATL,24,12.4,-1.63,-0.54,-2.17,0.03
304,Shelvin Mack,PG,ATL,55,15.1,-0.18,-2,-2.18,0.09
305,Cameron Bairstow,PF,CHI,18,3.6,-1.41,-0.77,-2.18,0.01
306,Glen Rice Jr.,SG,WSH,5,8.6,-0.96,-1.25,-2.21,0
307,David Stockton,G,SAC,3,11,-0.59,-1.63,-2.22,0
308,Mike Scott,PF,ATL,68,16.5,-0.8,-1.44,-2.24,0.08
309,Michael Carter-Williams,PG,MIL/PHI,66,32.6,-3.05,0.78,-2.27,0.11
310,Jamal Crawford,SG,LAC,64,26.6,2.1,-4.38,-2.28,0.08
311,Shawne Williams,SF,DET/MIA,63,17.3,-0.64,-1.67,-2.31,0.03
312,Alexey Shved,PG,HOU/NY/PHI,42,18.3,0.63,-2.96,-2.33,0.01
313,Brandon Knight,PG,MIL/PHX,63,32.3,-0.51,-1.85,-2.36,-0.01
314,Nate Wolters,PG,NO/MIL,21,11.8,-0.9,-1.46,-2.36,0
315,Jordan Clarkson,PG,LAL,59,25,0.64,-3,-2.36,-0.01
316,Ricky Ledo,SG,DAL/NY,17,14.4,-1.25,-1.13,-2.38,0
317,Donald Sloan,G,IND,53,20.9,-1.11,-1.28,-2.39,-0.03
318,Francisco Garcia,SG,HOU,14,14.3,-2.11,-0.29,-2.4,-0.01
319,Thomas Robinson,F,PHI/POR,54,14.8,-2.23,-0.18,-2.41,-0.03
320,JaMychal Green,PF,SA/MEM,24,6.8,-1.69,-0.78,-2.47,-0.01
321,Patrick Christopher,SG,UTAH,4,7.3,-1.26,-1.22,-2.48,0
322,Gal Mekel,PG,NO,4,10.8,-1.48,-1.01,-2.49,0
323,Jordan Farmar,PG,LAC,36,14.7,-1.33,-1.18,-2.51,-0.05
324,Aaron Gordon,PF,ORL,47,17,-2.04,-0.48,-2.52,-0.09
325,Tobias Harris,SF,ORL,68,34.8,-0.32,-2.21,-2.53,-0.26
326,Kyle Singler,F,DET/OKC,80,21.8,-1.25,-1.29,-2.54,-0.21
327,Shavlik Randolph,PF,BOS/PHX,21,6,-2.58,0.02,-2.56,-0.02
328,Joe Ingles,SF,UTAH,79,21.2,-2.31,-0.28,-2.59,-0.24
329,Earl Barron,C,PHX,16,8.9,-2.95,0.33,-2.62,-0.02
330,Justin Hamilton,C,MIA/MIN,41,17.4,-2.19,-0.44,-2.63,-0.12
331,Kevin Martin,SG,MIN,39,33.4,0.42,-3.07,-2.65,-0.25
332,E'Twaun Moore,G,CHI,56,9,-1.56,-1.11,-2.67,-0.1
333,Quincy Acy,F,NY,68,18.9,-3.85,1.17,-2.68,-0.26
334,Kalin Lucas,G,MEM,1,6,-1.21,-1.48,-2.69,0
335,Kris Humphries,PF,WSH,64,21,-2.46,-0.24,-2.7,-0.28
336,Trey Burke,PG,UTAH,76,30.1,-0.18,-2.52,-2.7,-0.48
337,Chris Copeland,SF,IND,50,16.6,-0.94,-1.77,-2.71,-0.18
338,Bryce Cotton,G,UTAH,15,10.6,-0.46,-2.25,-2.71,-0.04
339,Andrei Kirilenko,SF,BKN,7,5.1,-1.36,-1.36,-2.72,-0.01
340,Enes Kanter,C,OKC/UTAH,75,28.5,1.15,-3.87,-2.72,-0.49
341,Ryan Kelly,PF,LAL,52,23.7,-1.93,-0.79,-2.72,-0.27
342,Rasual Butler,SF,WSH,75,20.1,-0.98,-1.77,-2.75,-0.37
343,Greivis Vasquez,PG,TOR,82,24.3,-0.57,-2.21,-2.78,-0.52
344,Grant Jerrett,PF,OKC/UTAH,8,6.4,-1.67,-1.11,-2.78,-0.02
345,CJ Wilcox,G,LAC,21,4.8,-1.49,-1.3,-2.79,-0.03
346,Anderson Varejao,C,CLE,26,24.5,-2.23,-0.57,-2.8,-0.18
347,Ramon Sessions,G,SAC/WSH,64,18.6,-2.5,-0.31,-2.81,-0.34
348,John Henson,F,MIL,67,18.3,-4.13,1.32,-2.81,-0.35
349,Hollis Thompson,SF,PHI,71,25,-1.01,-1.8,-2.81,-0.52
350,Jamaal Franklin,SG,DEN,3,4.3,-1.04,-1.77,-2.81,0
351,Noah Vonleh,PF,CHA,25,10.4,-2.69,-0.12,-2.81,-0.07
352,Jeremy Lamb,SG,OKC,47,13.5,-1.42,-1.4,-2.82,-0.18
353,Jimmer Fredette,G,NO,50,10.2,-0.88,-1.95,-2.83,-0.15
354,Dwight Buycks,G,LAL,6,20.5,-0.43,-2.4,-2.83,-0.04
355,Jorge Gutierrez,PG,MIL/BKN,20,8.8,-1.75,-1.09,-2.84,-0.01
356,Drew Gordon,C,PHI,9,7.9,-2.35,-0.49,-2.84,-0.02
357,Isaiah Canaan,G,HOU/PHI,47,20,-1.07,-1.77,-2.84,-0.29
358,Jameer Nelson,G,BOS/DAL/DEN,63,22.3,-0.37,-2.49,-2.86,-0.45
359,Jerryd Bayless,PG,MIL,77,22.3,-2.36,-0.53,-2.89,-0.57
360,Jerel McNeal,SG,PHX,6,6,-1.68,-1.21,-2.89,-0.01
361,Brendan Haywood,C,CLE,22,5.4,-2.65,-0.26,-2.91,-0.04
362,Austin Daye,SF,ATL/SA,34,10.1,-2.35,-0.56,-2.91,-0.09
363,Arron Afflalo,G,DEN/POR,78,32.1,-1.07,-1.86,-2.93,-0.91
364,Chris Douglas-Roberts,SG,LAC,12,8.6,-1.27,-1.68,-2.95,-0.04
365,Jon Leuer,PF,MEM,63,13.1,-3.69,0.7,-2.99,-0.33
366,Brian Roberts,PG,CHA,72,18.5,-0.64,-2.36,-3,-0.53
367,Jeff Ayres,F,SA,51,7.5,-1.24,-1.78,-3.02,-0.16
368,Gerald Green,SG,PHX,74,19.5,0.29,-3.33,-3.04,-0.63
369,Alec Burks,SG,UTAH,27,33.3,-0.32,-2.72,-3.04,-0.38
370,Ian Clark,SG,DEN/UTAH,30,6.4,-1.02,-2.02,-3.04,-0.08
371,Charlie Villanueva,PF,DAL,64,10.6,-0.65,-2.4,-3.05,-0.31
372,Bruno Caboclo,F,TOR,8,2.9,-1.42,-1.64,-3.06,-0.01
373,Norris Cole,PG,NO/MIA,75,24.4,-1.25,-1.85,-3.1,-0.81
374,Marcus Thornton,SG,BOS/PHX,48,15,-1.42,-1.69,-3.11,-0.35
375,Marco Belinelli,G,SA,62,22.4,0,-3.12,-3.12,-0.66
376,Tony Parker,PG,SA,68,28.7,0.18,-3.33,-3.15,-0.98
377,A.J. Price,PG,CLE/IND/PHX,26,12.5,-0.75,-2.42,-3.17,-0.13
378,Rajon Rondo,PG,BOS/DAL,68,29.7,-3.55,0.34,-3.21,-1.12
379,Kyle Anderson,SF,SA,33,10.8,-2.39,-0.87,-3.26,-0.2
380,JaVale McGee,C,DEN/PHI,23,11.1,-1.47,-1.8,-3.27,-0.15
381,Cole Aldrich,C,NY,61,16,-4.78,1.51,-3.27,-0.54
382,Allen Crabbe,SG,POR,51,13.4,-2.6,-0.68,-3.28,-0.4
383,Jerome Jordan,C,BKN,44,8.7,-2.65,-0.65,-3.3,-0.22
384,Kostas Papanikolaou,SF,HOU,43,18.5,-2.72,-0.61,-3.33,-0.49
385,Jodie Meeks,G,DET,60,24.4,-0.96,-2.38,-3.34,-0.88
386,Samuel Dalembert,C,NY,32,17,-4.76,1.4,-3.36,-0.32
387,Kent Bazemore,SG,ATL,75,17.7,-3.39,0.03,-3.36,-0.81
388,Damjan Rudez,SF,IND,68,15.4,-1.31,-2.09,-3.4,-0.68
389,Travis Wear,F,NY,51,13.2,-3.04,-0.39,-3.43,-0.44
390,Zoran Dragic,SG,MIA/PHX,16,4.7,-1.52,-1.92,-3.44,-0.05
391,Luke Babbitt,F,NO,63,13.2,-1.66,-1.85,-3.51,-0.59
392,Dion Waiters,SG,CLE/OKC,80,27.6,-2.35,-1.17,-3.52,-1.65
393,James Jones,SG,CLE,57,11.7,-0.24,-3.29,-3.53,-0.49
394,Ish Smith,PG,PHI/OKC,55,15.1,-1.95,-1.58,-3.53,-0.61
395,Chase Budinger,SF,MIN,67,19.2,-1.81,-1.74,-3.55,-0.97
396,Furkan Aldemir,PF,PHI,41,13.2,-1.26,-2.29,-3.55,-0.41
397,Jeff Green,SF,BOS/MEM,78,31.5,-1.51,-2.05,-3.56,-1.85
398,Jarrett Jack,G,BKN,80,28,-2.06,-1.59,-3.65,-1.76
399,Markel Brown,G,BKN,47,16.6,-1.8,-1.85,-3.65,-0.63
400,Alonzo Gee,SF,DEN/POR,54,12.3,-1.38,-2.3,-3.68,-0.57
401,Gary Neal,PG,MIN/CHA,54,22.1,-1.17,-2.51,-3.68,-0.97
402,Dennis Schroder,PG,ATL,77,19.7,-0.78,-2.93,-3.71,-1.23
403,Jason Maxiell,PF,CHA,61,14.4,-3.73,0.01,-3.72,-0.75
404,T.J. Warren,SF,PHX,40,15.4,-2.51,-1.22,-3.73,-0.54
405,Steve Novak,SF,OKC/UTAH,35,5.6,-1.48,-2.28,-3.76,-0.18
406,Robbie Hummel,SF,MIN,45,16.5,-1.31,-2.45,-3.76,-0.65
407,Spencer Dinwiddie,PG,DET,34,13.4,-2.55,-1.21,-3.76,-0.39
408,James Young,G,BOS,31,10.7,-1.69,-2.07,-3.76,-0.3
409,Carl Landry,PF,SAC,70,17,-2.99,-0.8,-3.79,-1.07
410,Chris Kaman,C,POR,74,18.9,-2.56,-1.25,-3.81,-1.26
411,Erick Green,PG,DEN,43,9.5,-1.29,-2.52,-3.81,-0.38
412,Tim Hardaway Jr.,G,NY,70,24,-0.42,-3.39,-3.81,-1.48
413,John Salmons,SF,NO,21,12.9,-2.55,-1.33,-3.88,-0.25
414,Phil Pressey,PG,BOS,50,12,-3.1,-0.78,-3.88,-0.58
415,Henry Sims,C,PHI,73,19.2,-4.18,0.28,-3.9,-1.37
416,Kendrick Perkins,C,CLE/OKC,68,16.9,-4.97,1.06,-3.91,-1.12
417,Kevin Seraphin,C,WSH,79,15.6,-3.68,-0.28,-3.96,-1.16
418,Shawn Marion,SG,CLE,57,19.3,-2.24,-1.73,-3.97,-1.09
419,Matt Bonner,C,SA,72,13,-1.45,-2.52,-3.97,-0.94
420,Dahntay Jones,SG,LAC,33,3.7,-2.26,-1.73,-3.99,-0.13
421,D.J. Augustin,PG,DET/OKC,82,24,-0.76,-3.24,-4,-1.99
422,Jose Calderon,PG,NY,42,30.2,-1.27,-2.75,-4.02,-1.28
423,Willie Green,SG,ORL,52,18.3,-3.67,-0.36,-4.03,-0.98
424,Austin Rivers,G,NO/LAC,76,20.6,-2.44,-1.61,-4.05,-1.64
425,Bojan Bogdanovic,SF,BKN,78,23.8,-0.16,-3.93,-4.09,-1.91
426,Carlos Boozer,PF,LAL,71,23.8,-1.74,-2.36,-4.1,-1.82
427,Andrew Nicholson,PF,ORL,40,12.3,-3.12,-1.02,-4.14,-0.54
428,Tony Wroten,SG,PHI,30,29.8,-0.34,-3.84,-4.18,-1.05
429,Raymond Felton,PG,DAL,29,9.7,-2.85,-1.34,-4.19,-0.33
430,Kirk Hinrich,SG,CHI,66,24.4,-2.37,-1.83,-4.2,-1.84
431,DeJuan Blair,C,WSH,29,6.2,-2.96,-1.3,-4.26,-0.21
432,P.J. Hairston,SF,CHA,45,15.3,-1.59,-2.68,-4.27,-0.82
433,Shane Larkin,G,NY,76,24.5,-2.54,-1.79,-4.33,-2.19
434,Nik Stauskas,SG,SAC,73,15.4,-1.88,-2.45,-4.33,-1.41
435,Danny Granger,SF,MIA,30,20.4,-2.15,-2.19,-4.34,-0.72
436,Jabari Parker,PF,MIL,25,29.5,-1.68,-2.66,-4.34,-0.93
437,Jordan Hill,C,LAL,70,26.8,-2.95,-1.42,-4.37,-2.34
438,Randy Foye,SG,DEN,50,21.7,-1.92,-2.46,-4.38,-1.42
439,KJ McDaniels,F,HOU/PHI,62,21.8,-3.88,-0.5,-4.38,-1.74
440,Tayshaun Prince,SF,BOS/DET/MEM,58,24.1,-2.31,-2.1,-4.41,-1.74
441,John Lucas III,PG,DET,21,13,-1.66,-2.75,-4.41,-0.34
442,Udonis Haslem,PF,MIA,62,16,-4.12,-0.31,-4.43,-1.25
443,Ray McCallum,PG,SAC,68,21.1,-1.48,-2.95,-4.43,-1.88
444,Joffrey Lauvergne,F,DEN,24,11.2,-2.87,-1.71,-4.58,-0.39
445,JJ Hickson,C,DEN,73,19.3,-3.47,-1.13,-4.6,-2.03
446,Nick Johnson,G,HOU,28,9.4,-3.65,-0.95,-4.6,-0.37
447,Nate Robinson,PG,DEN/LAC,42,14.1,-2.93,-1.73,-4.66,-0.67
448,Lance Thomas,SF,NY/OKC,62,24,-3.07,-1.64,-4.71,-2.14
449,Luke Ridnour,PG,ORL,47,14.5,-2.58,-2.14,-4.72,-1
450,Brandon Davies,PF,BKN/PHI,27,15.7,-1.82,-2.95,-4.77,-0.66
451,Jason Smith,PF,NY,82,21.8,-1.41,-3.37,-4.78,-2.63
452,Lance Stephenson,SG,CHA,61,25.8,-4.6,-0.22,-4.82,-2.4
453,Troy Daniels,SG,HOU/MIN/CHA,47,8.4,-2.18,-2.65,-4.83,-0.6
454,Landry Fields,SG,TOR,26,8.3,-3.03,-1.84,-4.87,-0.34
455,Cleanthony Early,SF,NY,39,16.6,-4.56,-0.35,-4.91,-1.02
456,Tyler Ennis,G,MIL/PHX,33,12.5,-2.28,-2.74,-5.02,-0.7
457,Jeffery Taylor,SF,CHA,29,14.8,-3.47,-1.68,-5.15,-0.74
458,Doug McDermott,SF,CHI,36,8.9,-3.26,-2.02,-5.28,-0.58
459,Andrea Bargnani,C,NY,29,27.1,-1.72,-3.57,-5.29,-1.4
460,JaKarr Sampson,F,PHI,74,15.3,-3.09,-2.29,-5.38,-2.23
461,Derrick Williams,PF,SAC,74,19.8,-0.89,-4.59,-5.48,-2.9
462,Mike Miller,SG,CLE,52,13.5,-4.3,-1.25,-5.55,-1.38
463,Joe Harris,SF,CLE,51,9.7,-2.17,-3.59,-5.76,-1.03
464,Ben Gordon,SG,ORL,56,14.1,-2.31,-3.48,-5.79,-1.66
465,Perry Jones,SF,OKC,43,14.7,-3.79,-2.07,-5.86,-1.41
466,Jabari Brown,SG,LAL,19,29.9,-1.78,-4.23,-6.01,-1.22
467,Adreian Payne,PF,ATL/MIN,32,23.1,-3.14,-3.1,-6.24,-1.77
468,Johnny O'Bryant III,PF,MIL,34,10.8,-4.72,-1.52,-6.24,-0.89
469,Martell Webster,SF,WSH,32,11,-3.4,-2.89,-6.29,-0.83
470,Archie Goodwin,SG,PHX,41,13,-3.95,-2.51,-6.46,-1.39
471,Zach LaVine,PG,MIN,77,24.7,-2.53,-4.34,-6.87,-5.34
472,Anthony Bennett,PF,MIN,57,15.7,-3.78,-3.21,-6.99,-2.63
473,Gary Harris,SG,DEN,55,13.1,-4.66,-2.39,-7.05,-2.2
474,Brandon Rush,SG,GS,33,8.2,-4.2,-3.26,-7.46,-0.93
