season,rank,name,position,slug_espn,gp,mpg,orpm,drpm,rpm,wins
2015,1,Stephen Curry,PG,GS,80,32.7,7.43,1.91,9.34,20.07
2015,2,LeBron James,SF,CLE,69,36.1,6.02,2.76,8.78,17.03
2015,3,James Harden,PG,HOU,81,36.8,8.66,-0.16,8.5,20.63
2015,4,Anthony Davis,PF,NO,68,36.1,3.98,4.2,8.18,15.86
2015,5,Kawhi Leonard,SF,SA,64,31.8,2.98,4.59,7.57,12.67
2015,6,Russell Westbrook,PG,OKC,67,34.4,7.79,-0.71,7.08,14.15
2015,7,Chris Paul,PG,LAC,82,34.8,6.45,0.47,6.92,16.75
2015,8,Draymond Green,PF,GS,79,31.5,1.57,5.23,6.8,14.8
2015,9,DeMarcus Cousins,C,SAC,59,34.1,1.41,4.71,6.12,10.86
2015,10,Khris Middleton,SF,MIL,79,30.1,1.97,4.09,6.06,12.42
2015,11,Kyle Korver,SG,ATL,75,32.2,4.08,1.34,5.42,11.59
2015,12,Danny Green,SG,SA,81,28.5,3.25,2.16,5.41,11
2015,13,Tim Duncan,C,SA,77,28.9,0.53,4.67,5.2,10.33
2015,14,Paul Millsap,PF,ATL,73,32.7,2.87,2.22,5.09,11.01
2015,15,Tony Allen,SG,MEM,63,26.2,-0.11,4.92,4.81,7.23
2015,16,Zaza Pachulia,C,MIL,73,23.7,1.38,3.42,4.8,7.66
2015,17,Tyson Chandler,C,DAL,75,30.5,1.04,3.54,4.58,9.99
2015,18,Zach Randolph,PF,MEM,71,32.5,1.84,2.71,4.55,9.58
2015,19,Gordon Hayward,SF,UTAH,76,34.4,3.3,1.19,4.49,10.81
2015,20,DeAndre Jordan,C,LAC,82,34.4,2.03,2.43,4.46,12.08
2015,21,Cody Zeller,C,CHA,62,24,1.12,3.23,4.35,6.08
2015,22,John Wall,PG,WSH,79,35.9,2.57,1.73,4.3,11.63
2015,23,Jimmy Butler,SG,CHI,65,38.7,3.87,0.43,4.3,10.31
2015,24,Kevin Durant,SF,OKC,27,33.8,3.53,0.67,4.2,3.87
2015,25,LaMarcus Aldridge,PF,POR,71,35.4,3.7,0.36,4.06,9.95
2015,26,Kyle Lowry,PG,TOR,70,34.5,2.58,1.25,3.83,9.28
2015,27,George Hill,PG,IND,43,29.5,4.64,-0.87,3.77,4.76
2015,28,Damian Lillard,PG,POR,82,35.7,4.14,-0.37,3.77,11.15
2015,29,Wesley Matthews,SG,POR,60,33.7,1.38,2.27,3.65,7.55
2015,30,Klay Thompson,SG,GS,77,31.9,4.36,-0.72,3.64,9.6
2015,31,Marc Gasol,C,MEM,81,33.2,1.7,1.91,3.61,9.68
2015,32,Nikola Mirotic,PF,CHI,82,20.2,1.75,1.75,3.5,5.92
2015,33,Kelly Olynyk,PF,BOS,64,22.3,1.79,1.71,3.5,5.27
2015,34,Serge Ibaka,PF,OKC,64,33.1,-0.05,3.51,3.46,7.75
2015,35,Eric Bledsoe,PG,PHX,81,34.6,1.61,1.85,3.46,10.38
2015,36,Markieff Morris,PF,PHX,82,31.5,0.4,3.03,3.43,9.49
2015,37,Derrick Favors,PF,UTAH,74,30.8,1.22,2.18,3.4,7.84
2015,38,Kyrie Irving,PG,CLE,75,36.4,4.29,-0.89,3.4,9.74
2015,39,Luol Deng,SF,MIA,72,33.6,3.7,-0.33,3.37,8.41
2015,40,Blake Griffin,PF,LAC,67,35.2,2.97,0.38,3.35,8.46
2015,41,Mike Dunleavy,SG,CHI,63,29.2,1.18,2.15,3.33,6.38
2015,42,Tiago Splitter,C,SA,52,19.8,0.59,2.7,3.29,3.58
2015,43,Manu Ginobili,G,SA,70,22.7,1.53,1.75,3.28,5.51
2015,44,Jrue Holiday,PG,NO,40,32.6,2.45,0.77,3.22,4.52
2015,45,Matt Barnes,SF,LAC,76,29.9,1.34,1.83,3.17,7.94
2015,46,Andrew Bogut,C,GS,67,23.6,-1.81,4.97,3.16,5.58
2015,47,Tyreke Evans,SG,NO,79,34.1,3.8,-0.65,3.15,9.02
2015,48,Timofey Mozgov,C,CLE/DEN,81,25.3,-0.57,3.43,2.86,6.68
2015,49,Carmelo Anthony,PF,NY,40,35.7,4.9,-2.08,2.82,4.37
2015,50,Michael Kidd-Gilchrist,SF,CHA,55,28.9,-0.82,3.63,2.81,5.07
2015,51,Anthony Morrow,SG,OKC,74,24.4,2.33,0.43,2.76,5.89
2015,52,Kevin Love,PF,CLE,75,33.8,1.75,0.96,2.71,7.92
2015,53,Ricky Rubio,PG,MIN,22,31.5,0.38,2.33,2.71,2.25
2015,54,Al-Farouq Aminu,PF,DAL,74,18.5,-0.26,2.93,2.67,4.32
2015,55,Greg Monroe,C,DET,69,31,0.37,2.28,2.65,6.49
2015,56,Thabo Sefolosha,SF,ATL,52,18.8,-0.37,2.97,2.6,2.94
2015,57,Jonas Jerebko,PF,BOS/DET,75,16.4,0.95,1.65,2.6,3.72
2015,58,Chandler Parsons,SF,DAL,66,33.1,2.47,0.07,2.54,6.79
2015,59,Lou Williams,SG,TOR,80,25.2,4.49,-1.97,2.52,6.02
2015,60,Bradley Beal,SG,WSH,63,33.4,1.93,0.55,2.48,6.13
2015,61,Marcin Gortat,C,WSH,82,29.9,-0.1,2.56,2.46,7.28
2015,62,Tyler Hansbrough,PF,TOR,74,14.3,0.67,1.79,2.46,3.08
2015,63,Jared Dudley,SF,MIL,72,23.8,-0.1,2.47,2.37,5.04
2015,64,Jusuf Nurkic,C,DEN,62,17.8,-1.69,4.02,2.33,3.33
2015,65,Pau Gasol,C,CHI,78,34.4,0.85,1.45,2.3,7.71
2015,66,Iman Shumpert,SG,CLE/NY,62,24.9,0.33,1.92,2.25,4.25
2015,67,Marcus Smart,PG,BOS,67,27,1.17,1.05,2.22,5.21
2015,68,Kenneth Faried,PF,DEN,75,27.8,1.9,0.25,2.15,5.96
2015,69,Al Horford,C,ATL,76,30.5,0.32,1.82,2.14,6.34
2015,70,Mike Conley,PG,MEM,70,31.8,2.36,-0.25,2.11,5.99
2015,71,Robert Covington,SF,PHI,70,27.9,2.08,0.02,2.1,5.48
2015,72,Elfrid Payton,PG,ORL,82,30.4,1.23,0.87,2.1,6.95
2015,73,Lavoy Allen,F,IND,63,17,0.42,1.62,2.04,2.88
2015,74,Andre Roberson,SG,OKC,67,19.2,-1.3,3.3,2,3.61
2015,75,James Johnson,PF,TOR,70,19.6,0.33,1.66,1.99,3.66
2015,76,Danilo Gallinari,SF,DEN,59,24.2,2.05,-0.07,1.98,3.9
2015,77,Rudy Gobert,C,UTAH,82,26.3,-1.66,3.63,1.97,5.54
2015,78,Dwight Howard,C,HOU,41,29.8,-0.12,2.08,1.96,3.32
2015,79,Anthony Tolliver,PF,DET/PHX,76,18.8,2.09,-0.14,1.95,3.8
2015,80,Monta Ellis,SG,DAL,80,33.7,1.81,0.11,1.92,7.38
2015,81,Deron Williams,PG,BKN,68,31.1,2.36,-0.45,1.91,5.51
2015,82,Nick Calathes,SG,MEM,58,14.4,-1.86,3.73,1.87,2.17
2015,83,Jeff Teague,PG,ATL,73,30.5,0.92,0.95,1.87,5.88
2015,84,Amir Johnson,C,TOR,75,26.4,0.51,1.32,1.83,5.09
2015,85,Darrell Arthur,F,DEN,58,17,-2.08,3.91,1.83,2.63
2015,86,Darren Collison,PG,SAC,45,34.8,1.53,0.26,1.79,4.12
2015,87,Jeremy Lin,PG,LAL,74,25.8,1.39,0.27,1.66,4.75
2015,88,Jared Sullinger,C,BOS,58,27,1.51,0.15,1.66,3.97
2015,89,Ty Lawson,G,DEN,75,35.5,3.96,-2.36,1.6,6.75
2015,90,Trevor Ariza,SF,HOU,82,35.7,-0.78,2.36,1.58,7.28
2015,91,CJ Miles,SF,IND,70,26.3,0.41,1.17,1.58,4.54
2015,92,Isaiah Thomas,PG,BOS/PHX,67,25.8,4.14,-2.69,1.45,4.16
2015,93,Elijah Millsap,SG,UTAH,47,19.7,-1.99,3.42,1.43,2.1
2015,94,JJ Redick,SG,LAC,78,30.9,1.14,0.26,1.4,5.72
2015,95,Andre Iguodala,SG,GS,77,26.9,0.37,0.99,1.36,4.88
2015,96,CJ McCollum,SG,POR,62,15.7,0.46,0.89,1.35,2.26
2015,97,Pero Antic,PF,ATL,63,16.5,-0.12,1.46,1.34,2.35
2015,98,Nick Collison,F,OKC,66,16.7,-0.83,2.13,1.3,2.54
2015,99,Alan Anderson,SG,BKN,74,23.6,-0.91,2.21,1.3,3.94
2015,100,Kentavious Caldwell-Pope,SG,DET,82,31.5,1.66,-0.37,1.29,5.78
2015,101,Brandon Jennings,G,DET,41,28.6,2.64,-1.41,1.23,2.62
2015,102,Otto Porter Jr.,SF,WSH,74,19.4,1.82,-0.59,1.23,3.03
2015,103,Thaddeus Young,PF,MIN/BKN,76,32,0.05,1.15,1.2,5.38
2015,104,Reggie Jackson,PG,DET/OKC,77,29.5,2.28,-1.1,1.18,4.93
2015,105,Joakim Noah,C,CHI,67,30.6,-1.12,2.21,1.09,4.33
2015,106,Patty Mills,PG,SA,51,15.7,0.53,0.43,0.96,1.67
2015,107,Ben McLemore,SG,SAC,82,32.6,0.2,0.71,0.91,5.51
2015,108,Kevin Garnett,PF,MIN/BKN,47,20.3,-1.42,2.32,0.9,1.87
2015,109,Derrick Rose,PG,CHI,51,30,1.15,-0.26,0.89,3.1
2015,110,Jeremy Evans,F,UTAH,38,7,0.17,0.72,0.89,0.51
2015,111,Cory Joseph,PG,SA,79,18.3,-0.05,0.93,0.88,2.83
2015,112,Joe Johnson,G,BKN,80,34.9,2.11,-1.24,0.87,5.41
2015,113,Josh McRoberts,PF,MIA,17,17.4,-0.37,1.24,0.87,0.56
2015,114,Giannis Antetokounmpo,PF,MIL,81,31.4,-0.63,1.5,0.87,5.04
2015,115,Joel Anthony,PF,DET,49,8.3,-1.82,2.68,0.86,0.8
2015,116,Tristan Thompson,C,CLE,82,26.8,1.34,-0.48,0.86,4.25
2015,117,Mike Muscala,PF,ATL,40,12.6,-0.1,0.92,0.82,0.98
2015,118,J.J. Barea,PG,DAL,77,17.7,2.71,-1.93,0.78,2.64
2015,119,Kosta Koufos,C,MEM,81,16.6,-2.56,3.3,0.74,2.56
2015,120,Andre Drummond,C,DET,82,30.5,-0.07,0.81,0.74,4.75
2015,121,Chris Bosh,PF,MIA,44,35.4,0.72,-0.04,0.68,2.82
2015,122,Hassan Whiteside,C,MIA,48,23.8,-0.96,1.64,0.68,2.1
2015,123,Dirk Nowitzki,PF,DAL,77,29.6,2.51,-1.89,0.62,4.22
2015,124,Nene Hilario,C,WSH,67,25.3,-2.31,2.91,0.6,3.04
2015,125,Tyler Zeller,C,BOS,82,21.1,-0.78,1.36,0.58,3.25
2015,126,Luis Scola,F,IND,81,20.5,-0.3,0.87,0.57,3.03
2015,127,Ronnie Price,PG,LAL,43,22.8,0.17,0.39,0.56,1.78
2015,128,Nikola Pekovic,C,MIN,31,26.3,-0.43,0.99,0.56,1.49
2015,129,Harrison Barnes,SF,GS,82,28.3,-0.68,1.23,0.55,4.37
2015,130,Robin Lopez,C,POR,59,27.8,-1.21,1.74,0.53,2.94
2015,131,JR Smith,SG,CLE/NY,70,29.7,1.02,-0.54,0.48,3.62
2015,132,Marvin Williams,PF,CHA,78,26.1,-0.6,1.03,0.43,3.48
2015,133,Rudy Gay,SF,SAC,68,35.4,2.87,-2.46,0.41,4.2
2015,134,DeMarre Carroll,SF,ATL,70,31.3,0.79,-0.38,0.41,3.75
2015,135,Nicolas Batum,SF,POR,71,33.5,0.26,0.12,0.38,4.08
2015,136,C.J. Watson,PG,IND,57,24.9,0.72,-0.35,0.37,2.42
2015,137,Gerald Henderson,SG,CHA,80,28.9,-0.65,1.01,0.36,3.84
2015,138,Lou Amundson,PF,CLE/NY,53,17.7,-2.57,2.91,0.34,1.53
2015,139,Patrick Patterson,PF,TOR,81,26.6,2.17,-1.83,0.34,3.52
2015,140,Paul Pierce,SF,WSH,73,26.2,0.05,0.25,0.3,3.13
2015,141,Cory Jefferson,F,BKN,50,10.6,-1.23,1.53,0.3,0.86
2015,142,Dorell Wright,SF,POR,48,12.4,0.43,-0.16,0.27,0.96
2015,143,Jeff Adrien,SF,MIN,17,12.6,-0.48,0.67,0.19,0.32
2015,144,Jason Terry,G,HOU,77,21.3,-0.19,0.36,0.17,2.65
2015,145,Sim Bhullar,C,SAC,3,1,-0.31,0.46,0.15,0
2015,146,Aron Baynes,C,SA,70,16,-1.13,1.25,0.12,1.75
2015,147,Mitch McGary,PF,OKC,32,15.2,-0.25,0.35,0.1,0.78
2015,148,Donatas Motiejunas,PF,HOU,71,28.7,-1.04,1.13,0.09,3.13
2015,149,Boris Diaw,C,SA,81,24.5,-0.2,0.26,0.06,2.93
2015,150,David Lee,PF,GS,49,18.4,0.4,-0.35,0.05,1.39
2015,151,Luigi Datome,SF,BOS/DET,21,10,-0.18,0.18,0,0.3
2015,152,Roy Hibbert,C,IND,76,25.3,-2.44,2.43,-0.01,2.73
2015,153,David West,F,IND,66,28.7,-1.06,1,-0.06,2.68
2015,154,Alexis Ajinca,C,NO,68,14.1,-1.01,0.9,-0.11,1.27
2015,155,Chris Andersen,PF,MIA,60,18.9,-2.08,1.94,-0.14,1.51
2015,156,Wayne Ellington,SG,LAL,65,25.8,-0.69,0.53,-0.16,2.2
2015,157,Meyers Leonard,PF,POR,55,15.4,-1.88,1.71,-0.17,1.16
2015,158,DeMar DeRozan,SG,TOR,60,35,0.21,-0.39,-0.18,2.81
2015,159,Chuck Hayes,PF,TOR,29,8.8,-0.33,0.08,-0.25,0.33
2015,160,James Ennis III,SF,MIA,62,17,0.11,-0.36,-0.25,1.31
2015,161,Elliot Williams,SG,NO/UTAH,13,9.2,0.53,-0.82,-0.29,0.05
2015,162,Victor Oladipo,SG,ORL,72,35.7,1.28,-1.59,-0.31,3.29
2015,163,Brandan Wright,F,BOS/DAL/PHX,75,19.3,-0.49,0.16,-0.33,1.84
2015,164,Dwyane Wade,SG,MIA,62,31.8,1.61,-1.95,-0.34,2.41
2015,165,Joel Freeland,C,POR,48,12.9,-1.81,1.47,-0.34,0.77
2015,166,Rodney Stuckey,PG,IND,71,26.4,-0.19,-0.15,-0.34,2.31
2015,167,Goran Dragic,PG,MIA/PHX,78,33.8,1.76,-2.1,-0.34,3.36
2015,168,Avery Bradley,SG,BOS,77,31.5,-1.07,0.73,-0.34,3.13
2015,169,Drew Gooden,PF,WSH,51,16.9,-0.29,-0.07,-0.36,1.03
2015,170,Sergey Karasev,SG,BKN,33,16.8,-0.66,0.3,-0.36,0.69
2015,171,Terrence Jones,PF,HOU,33,26.9,-1.17,0.8,-0.37,1.11
2015,172,Rodney Hood,SG,UTAH,50,21.3,-0.48,0.07,-0.41,1.22
2015,173,Kendall Marshall,PG,MIL,28,14.9,0.49,-0.91,-0.42,0.5
2015,174,Miroslav Raduljica,C,MIN,5,4.6,-0.8,0.38,-0.42,0.03
2015,175,Shaun Livingston,PG,GS,78,18.8,-1.27,0.83,-0.44,1.77
2015,176,Jae Crowder,PF,BOS/DAL,82,20.1,0.63,-1.07,-0.44,1.99
2015,177,Josh Smith,PF,DET/HOU,83,27.7,-1.84,1.39,-0.45,2.8
2015,178,Larry Sanders,PF,MIL,27,21.7,-3.42,2.9,-0.52,0.69
2015,179,Nazr Mohammed,C,CHI,23,5.6,-0.89,0.34,-0.55,0.14
2015,180,Quincy Miller,SF,DET/SAC,10,11.9,-1,0.43,-0.57,0.14
2015,181,James Michael McAdoo,SF,GS,15,9.1,0,-0.58,-0.58,0.15
2015,182,Victor Claver,PF,POR,10,7.6,-0.66,0.07,-0.59,0.08
2015,183,Tony Snell,SG,CHI,72,19.6,-0.29,-0.3,-0.59,1.53
2015,184,Dewayne Dedmon,C,ORL,59,14.3,-2.79,2.2,-0.59,0.92
2015,185,Brook Lopez,C,BKN,72,29.2,-0.76,0.16,-0.6,2.22
2015,186,Matthew Dellavedova,PG,CLE,67,20.6,-0.52,-0.08,-0.6,1.44
2015,187,Richard Jefferson,F,DAL,74,16.8,-0.45,-0.16,-0.61,1.38
2015,188,Mason Plumlee,PF,BKN,82,21.3,-0.32,-0.29,-0.61,1.82
2015,189,PJ Tucker,SF,PHX,78,30.6,-1.22,0.6,-0.62,2.6
2015,190,Jonas Valanciunas,C,TOR,80,26.2,-1.71,1.03,-0.68,2.17
2015,191,Mo Williams,PG,MIN/CHA,68,29.1,1.02,-1.74,-0.72,2.02
2015,192,Pablo Prigioni,PG,HOU/NY,67,17.9,-0.42,-0.3,-0.72,1.2
2015,193,Tyler Johnson,SG,MIA,32,18.8,0.44,-1.17,-0.73,0
2015,194,Gorgui Dieng,C,MIN,73,30,-1.42,0.68,-0.74,2.2
2015,195,Alex Len,C,PHX,69,22,-2.9,2.16,-0.74,1.59
2015,196,Ian Mahinmi,C,IND,61,18.8,-3.22,2.47,-0.75,1.13
2015,197,Hedo Turkoglu,SF,LAC,62,11.4,-0.04,-0.76,-0.8,0.68
2015,198,Wesley Johnson,SF,LAL,76,29.5,-0.2,-0.6,-0.8,2.12
2015,199,Jarnell Stokes,F,MEM,19,6.6,-1.56,0.76,-0.8,0.12
2015,200,Dante Cunningham,SF,NO,66,25,-1.37,0.54,-0.83,1.49
2015,201,Steve Blake,PG,POR,81,18.9,-0.12,-0.74,-0.86,1.41
2015,202,Evan Fournier,SG,ORL,58,28.6,0.48,-1.35,-0.87,1.52
2015,203,Tyrus Thomas,PF,MEM,2,3.5,-0.42,-0.46,-0.88,0.01
2015,204,Alex Kirk,C,CLE,5,2.8,-0.98,0.09,-0.89,0.01
2015,205,Al Jefferson,C,CHA,65,30.6,-1.47,0.56,-0.91,1.75
2015,206,Courtney Lee,SG,MEM,77,30.6,0.23,-1.14,-0.91,2.05
2015,207,Langston Galloway,SG,NY,45,32.4,-0.45,-0.47,-0.92,1.27
2015,208,Ekpe Udoh,C,LAC,33,3.9,-1.23,0.3,-0.93,0.12
2015,209,Jerrelle Benimon,F,UTAH,2,1.5,-1.17,0.21,-0.96,0
2015,210,Bismack Biyombo,C,CHA,64,19.4,-2.57,1.58,-0.99,1.02
2015,211,Kyle O'Quinn,C,ORL,51,16.2,-2.82,1.82,-1,0.69
2015,212,Jack Cooley,F,UTAH,16,5.4,-1.67,0.66,-1.01,0.08
2015,213,Robert Sacre,C,LAL,67,16.9,-2.61,1.59,-1.02,0.93
2015,214,Kemba Walker,PG,CHA,62,34.2,0.97,-2,-1.03,1.69
2015,215,Marcus Morris,PF,PHX,81,25.2,0.87,-1.91,-1.04,1.7
2015,216,Aaron Brooks,G,CHI,82,23,1.25,-2.33,-1.08,1.46
2015,217,Eric Moreland,PF,SAC,3,0.7,-0.57,-0.52,-1.09,0
2015,218,Glenn Robinson III,SG,MIN/PHI,35,7.5,0.19,-1.28,-1.09,0.21
2015,219,Ersan Ilyasova,PF,MIL,58,22.7,1.34,-2.45,-1.11,1.02
2015,220,Shayne Whittington,PF,IND,20,5.4,-0.32,-0.79,-1.11,0.08
2015,221,Elton Brand,PF,ATL,36,13.5,-1.93,0.81,-1.12,0.37
2015,222,Ronny Turiaf,C,MIN,2,9.5,-1.28,0.16,-1.12,0.02
2015,223,Trevor Booker,F,UTAH,79,19.8,0.39,-1.51,-1.12,1.14
2015,224,Lester Hudson,SG,LAC,5,11.2,-0.22,-0.93,-1.15,0.04
2015,225,Ed Davis,PF,LAL,79,23.3,-0.26,-0.89,-1.15,1.35
2015,226,Reggie Evans,C,SAC,47,16.3,-1.07,-0.09,-1.16,0.55
2015,227,Amar'e Stoudemire,C,DAL/NY,59,21.1,-0.05,-1.12,-1.17,0.88
2015,228,Omer Asik,C,NO,76,26.1,-3.01,1.83,-1.18,1.41
2015,229,Steven Adams,C,OKC,70,25.3,-2.72,1.54,-1.18,1.3
2015,230,Mario Chalmers,G,MIA,80,29.6,-1.65,0.45,-1.2,1.65
2015,231,Ryan Hollins,C,SAC,46,9.6,-1.98,0.77,-1.21,0.32
2015,232,Jordan Adams,SG,MEM,30,8.3,-0.62,-0.61,-1.23,0.17
2015,233,Garrett Temple,SG,WSH,52,14.2,-2.23,0.96,-1.27,0.48
2015,234,Lucas Nogueira,C,TOR,6,3.8,-0.92,-0.35,-1.27,0.02
2015,235,Will Barton,SG,DEN/POR,58,16.9,-1.62,0.34,-1.28,0.67
2015,236,Jerami Grant,SF,PHI,65,21.2,-2.4,1.12,-1.28,0.94
2015,237,Vince Carter,SF,MEM,66,16.5,-0.81,-0.49,-1.3,0.7
2015,238,Shabazz Napier,PG,MIA,51,19.8,-1.67,0.37,-1.3,0.63
2015,239,Taj Gibson,PF,CHI,62,27.3,-1.72,0.39,-1.33,1.05
2015,240,Greg Smith,PF,DAL,42,8.6,-3.43,2.1,-1.33,0.23
2015,241,Luc Mbah a Moute,PF,PHI,67,28.6,-3.12,1.78,-1.34,1.21
2015,242,O.J. Mayo,SG,MIL,71,23.9,-0.71,-0.66,-1.37,1.05
2015,243,Evan Turner,SG,BOS,82,27.6,-1.09,-0.28,-1.37,1.39
2015,244,Joey Dorsey,PF,HOU,69,12.4,-2.42,1.03,-1.39,0.53
2015,245,Channing Frye,F,ORL,75,24.9,-1.28,-0.12,-1.4,1.11
2015,246,Eric Gordon,SG,NO,61,33.1,0.48,-1.88,-1.4,1.17
2015,247,Brandon Bass,PF,BOS,82,23.5,-1.21,-0.21,-1.42,1.13
2015,248,Paul George,SF,IND,6,15.2,-0.73,-0.71,-1.44,0.05
2015,249,Marreese Speights,F,GS,76,15.9,0.02,-1.47,-1.45,0.72
2015,250,Kenyon Martin,PF,MIL,11,9.5,-1.27,-0.21,-1.48,0.06
2015,251,Ognjen Kuzmic,C,GS,16,4.5,-1.81,0.33,-1.48,0.04
2015,252,Clint Capela,C,HOU,12,7.5,-1.97,0.49,-1.48,0.05
2015,253,Nerlens Noel,PF,PHI,75,30.8,-4.85,3.35,-1.5,1.24
2015,254,Gerald Wallace,SF,BOS,32,8.9,-0.86,-0.66,-1.52,0.15
2015,255,Xavier Henry,SG,LAL,9,9.6,-0.33,-1.19,-1.52,0.04
2015,256,Dwight Powell,PF,BOS/DAL,29,8.1,-1.01,-0.51,-1.52,0.13
2015,257,Jeff Withey,C,NO,37,7,-0.83,-0.7,-1.53,0.13
2015,258,Toney Douglas,PG,NO,12,14.8,0.16,-1.7,-1.54,0.03
2015,259,Corey Brewer,F,HOU/MIN,80,26.1,-0.31,-1.24,-1.55,1.1
2015,260,Mirza Teletovic,PF,BKN,40,22.3,-2.5,0.95,-1.55,0.43
2015,261,Sean Kilpatrick,G,MIN,4,18,-0.66,-0.89,-1.55,0.04
2015,262,Patrick Beverley,PG,HOU,56,30.8,-1.27,-0.3,-1.57,0.85
2015,263,Festus Ezeli,C,GS,46,11,-2.14,0.57,-1.57,0.25
2015,264,Tim Frazier,PG,PHI/POR,11,21.7,-0.64,-0.93,-1.57,0.08
2015,265,Devin Harris,PG,DAL,76,22.2,0.24,-1.84,-1.6,0.79
2015,266,Andre Miller,PG,SAC/WSH,81,15.5,0.51,-2.13,-1.62,0.55
2015,267,David Wear,F,SAC,2,3.5,-0.93,-0.69,-1.62,0
2015,268,Nick Young,G,LAL,42,23.8,0.07,-1.7,-1.63,0.45
2015,269,Glen Davis,PF,LAC,74,12.2,-3.76,2.12,-1.64,0.4
2015,270,Quincy Pondexter,SF,NO/MEM,75,23.9,-1.1,-0.54,-1.64,0.77
2015,271,Jannero Pargo,PG,CHA,9,8.1,0.13,-1.79,-1.66,0.03
2015,272,Andrew Wiggins,SF,MIN,82,36.2,0.47,-2.13,-1.66,1.28
2015,273,Leandro Barbosa,G,GS,66,14.9,0.13,-1.82,-1.69,0.42
2015,274,Spencer Hawes,PF,LAC,73,17.5,-2.6,0.91,-1.69,0.52
2015,275,Ryan Anderson,PF,NO,61,27.5,2.05,-3.75,-1.7,0.66
2015,276,Jason Richardson,SG,PHI,19,21.9,-1.2,-0.51,-1.71,0.17
2015,277,Justin Holiday,SF,GS,59,11.1,-1.48,-0.23,-1.71,0.27
2015,278,Julius Randle,PF,LAL,1,14,-1.52,-0.19,-1.71,0
2015,279,Miles Plumlee,C,MIL/PHX,73,16.4,-2.01,0.28,-1.73,0.46
2015,280,Jared Cunningham,SG,LAC,19,4.7,-1.03,-0.72,-1.75,0.04
2015,281,Toure' Murry,SF,UTAH/WSH,5,3.6,-0.64,-1.11,-1.75,0
2015,282,Omri Casspi,SF,SAC,67,21.1,-0.02,-1.74,-1.76,0.54
2015,283,Dante Exum,PG,UTAH,82,22.2,-1.64,-0.13,-1.77,0.62
2015,284,Jason Thompson,PF,SAC,81,24.6,-2.08,0.27,-1.81,0.67
2015,285,Maurice Harkless,SF,ORL,45,15,-2.5,0.66,-1.84,0.22
2015,286,Nikola Vucevic,C,ORL,74,34.2,-1.48,-0.37,-1.85,0.79
2015,287,Russ Smith,PG,NO/MEM,12,5.4,-1.03,-0.85,-1.88,0.02
2015,288,Greg Stiemsma,C,TOR,17,3.9,-1.24,-0.65,-1.89,0.02
2015,289,Andre Dawkins,SG,MIA,4,5.5,-0.92,-0.99,-1.91,0.01
2015,290,Devyn Marble,SF,ORL,16,13,-1.62,-0.29,-1.91,0.06
2015,291,Caron Butler,SF,DET,78,20.8,-1.69,-0.23,-1.92,0.42
2015,292,Shabazz Muhammad,F,MIN,38,22.8,0.61,-2.54,-1.93,0.23
2015,293,Cartier Martin,PF,DET,23,8.6,-1.52,-0.42,-1.94,0.05
2015,294,Tarik Black,C,HOU/LAL,63,19,-1.67,-0.28,-1.95,0.29
2015,295,Jordan Hamilton,SG,LAC,14,8.7,-0.77,-1.22,-1.99,0.03
2015,296,Terrence Ross,SG,TOR,82,25.5,1.76,-3.77,-2.01,0.43
2015,297,Beno Udrih,PG,MEM,79,18.9,0.24,-2.28,-2.04,0.28
2015,298,Wilson Chandler,SF,DEN,78,31.7,-0.64,-1.4,-2.04,0.49
2015,299,Solomon Hill,SF,IND,82,29,-0.68,-1.36,-2.04,0.45
2015,300,Michael Beasley,SF,MIA,24,21,-3.13,0.99,-2.14,0.07
2015,301,Kobe Bryant,SF,LAL,35,34.5,0.91,-3.06,-2.15,0.15
2015,302,Reggie Bullock,SG,LAC/PHX,36,9.4,-2.21,0.05,-2.16,0.04
2015,303,John Jenkins,G,ATL,24,12.4,-1.63,-0.54,-2.17,0.03
2015,304,Shelvin Mack,PG,ATL,55,15.1,-0.18,-2,-2.18,0.09
2015,305,Cameron Bairstow,PF,CHI,18,3.6,-1.41,-0.77,-2.18,0.01
2015,306,Glen Rice Jr.,SG,WSH,5,8.6,-0.96,-1.25,-2.21,0
2015,307,David Stockton,G,SAC,3,11,-0.59,-1.63,-2.22,0
2015,308,Mike Scott,PF,ATL,68,16.5,-0.8,-1.44,-2.24,0.08
2015,309,Michael Carter-Williams,PG,MIL/PHI,66,32.6,-3.05,0.78,-2.27,0.11
2015,310,Jamal Crawford,SG,LAC,64,26.6,2.1,-4.38,-2.28,0.08
2015,311,Shawne Williams,SF,DET/MIA,63,17.3,-0.64,-1.67,-2.31,0.03
2015,312,Alexey Shved,PG,HOU/NY/PHI,42,18.3,0.63,-2.96,-2.33,0.01
2015,313,Brandon Knight,PG,MIL/PHX,63,32.3,-0.51,-1.85,-2.36,-0.01
2015,314,Nate Wolters,PG,NO/MIL,21,11.8,-0.9,-1.46,-2.36,0
2015,315,Jordan Clarkson,PG,LAL,59,25,0.64,-3,-2.36,-0.01
2015,316,Ricky Ledo,SG,DAL/NY,17,14.4,-1.25,-1.13,-2.38,0
2015,317,Donald Sloan,G,IND,53,20.9,-1.11,-1.28,-2.39,-0.03
2015,318,Francisco Garcia,SG,HOU,14,14.3,-2.11,-0.29,-2.4,-0.01
2015,319,Thomas Robinson,F,PHI/POR,54,14.8,-2.23,-0.18,-2.41,-0.03
2015,320,JaMychal Green,PF,SA/MEM,24,6.8,-1.69,-0.78,-2.47,-0.01
2015,321,Patrick Christopher,SG,UTAH,4,7.3,-1.26,-1.22,-2.48,0
2015,322,Gal Mekel,PG,NO,4,10.8,-1.48,-1.01,-2.49,0
2015,323,Jordan Farmar,PG,LAC,36,14.7,-1.33,-1.18,-2.51,-0.05
2015,324,Aaron Gordon,PF,ORL,47,17,-2.04,-0.48,-2.52,-0.09
2015,325,Tobias Harris,SF,ORL,68,34.8,-0.32,-2.21,-2.53,-0.26
2015,326,Kyle Singler,F,DET/OKC,80,21.8,-1.25,-1.29,-2.54,-0.21
2015,327,Shavlik Randolph,PF,BOS/PHX,21,6,-2.58,0.02,-2.56,-0.02
2015,328,Joe Ingles,SF,UTAH,79,21.2,-2.31,-0.28,-2.59,-0.24
2015,329,Earl Barron,C,PHX,16,8.9,-2.95,0.33,-2.62,-0.02
2015,330,Justin Hamilton,C,MIA/MIN,41,17.4,-2.19,-0.44,-2.63,-0.12
2015,331,Kevin Martin,SG,MIN,39,33.4,0.42,-3.07,-2.65,-0.25
2015,332,E'Twaun Moore,G,CHI,56,9,-1.56,-1.11,-2.67,-0.1
2015,333,Quincy Acy,F,NY,68,18.9,-3.85,1.17,-2.68,-0.26
2015,334,Kalin Lucas,G,MEM,1,6,-1.21,-1.48,-2.69,0
2015,335,Kris Humphries,PF,WSH,64,21,-2.46,-0.24,-2.7,-0.28
2015,336,Trey Burke,PG,UTAH,76,30.1,-0.18,-2.52,-2.7,-0.48
2015,337,Chris Copeland,SF,IND,50,16.6,-0.94,-1.77,-2.71,-0.18
2015,338,Bryce Cotton,G,UTAH,15,10.6,-0.46,-2.25,-2.71,-0.04
2015,339,Andrei Kirilenko,SF,BKN,7,5.1,-1.36,-1.36,-2.72,-0.01
2015,340,Enes Kanter,C,OKC/UTAH,75,28.5,1.15,-3.87,-2.72,-0.49
2015,341,Ryan Kelly,PF,LAL,52,23.7,-1.93,-0.79,-2.72,-0.27
2015,342,Rasual Butler,SF,WSH,75,20.1,-0.98,-1.77,-2.75,-0.37
2015,343,Greivis Vasquez,PG,TOR,82,24.3,-0.57,-2.21,-2.78,-0.52
2015,344,Grant Jerrett,PF,OKC/UTAH,8,6.4,-1.67,-1.11,-2.78,-0.02
2015,345,CJ Wilcox,G,LAC,21,4.8,-1.49,-1.3,-2.79,-0.03
2015,346,Anderson Varejao,C,CLE,26,24.5,-2.23,-0.57,-2.8,-0.18
2015,347,Ramon Sessions,G,SAC/WSH,64,18.6,-2.5,-0.31,-2.81,-0.34
2015,348,John Henson,F,MIL,67,18.3,-4.13,1.32,-2.81,-0.35
2015,349,Hollis Thompson,SF,PHI,71,25,-1.01,-1.8,-2.81,-0.52
2015,350,Jamaal Franklin,SG,DEN,3,4.3,-1.04,-1.77,-2.81,0
2015,351,Noah Vonleh,PF,CHA,25,10.4,-2.69,-0.12,-2.81,-0.07
2015,352,Jeremy Lamb,SG,OKC,47,13.5,-1.42,-1.4,-2.82,-0.18
2015,353,Jimmer Fredette,G,NO,50,10.2,-0.88,-1.95,-2.83,-0.15
2015,354,Dwight Buycks,G,LAL,6,20.5,-0.43,-2.4,-2.83,-0.04
2015,355,Jorge Gutierrez,PG,MIL/BKN,20,8.8,-1.75,-1.09,-2.84,-0.01
2015,356,Drew Gordon,C,PHI,9,7.9,-2.35,-0.49,-2.84,-0.02
2015,357,Isaiah Canaan,G,HOU/PHI,47,20,-1.07,-1.77,-2.84,-0.29
2015,358,Jameer Nelson,G,BOS/DAL/DEN,63,22.3,-0.37,-2.49,-2.86,-0.45
2015,359,Jerryd Bayless,PG,MIL,77,22.3,-2.36,-0.53,-2.89,-0.57
2015,360,Jerel McNeal,SG,PHX,6,6,-1.68,-1.21,-2.89,-0.01
2015,361,Brendan Haywood,C,CLE,22,5.4,-2.65,-0.26,-2.91,-0.04
2015,362,Austin Daye,SF,ATL/SA,34,10.1,-2.35,-0.56,-2.91,-0.09
2015,363,Arron Afflalo,G,DEN/POR,78,32.1,-1.07,-1.86,-2.93,-0.91
2015,364,Chris Douglas-Roberts,SG,LAC,12,8.6,-1.27,-1.68,-2.95,-0.04
2015,365,Jon Leuer,PF,MEM,63,13.1,-3.69,0.7,-2.99,-0.33
2015,366,Brian Roberts,PG,CHA,72,18.5,-0.64,-2.36,-3,-0.53
2015,367,Jeff Ayres,F,SA,51,7.5,-1.24,-1.78,-3.02,-0.16
2015,368,Gerald Green,SG,PHX,74,19.5,0.29,-3.33,-3.04,-0.63
2015,369,Alec Burks,SG,UTAH,27,33.3,-0.32,-2.72,-3.04,-0.38
2015,370,Ian Clark,SG,DEN/UTAH,30,6.4,-1.02,-2.02,-3.04,-0.08
2015,371,Charlie Villanueva,PF,DAL,64,10.6,-0.65,-2.4,-3.05,-0.31
2015,372,Bruno Caboclo,F,TOR,8,2.9,-1.42,-1.64,-3.06,-0.01
2015,373,Norris Cole,PG,NO/MIA,75,24.4,-1.25,-1.85,-3.1,-0.81
2015,374,Marcus Thornton,SG,BOS/PHX,48,15,-1.42,-1.69,-3.11,-0.35
2015,375,Marco Belinelli,G,SA,62,22.4,0,-3.12,-3.12,-0.66
2015,376,Tony Parker,PG,SA,68,28.7,0.18,-3.33,-3.15,-0.98
2015,377,A.J. Price,PG,CLE/IND/PHX,26,12.5,-0.75,-2.42,-3.17,-0.13
2015,378,Rajon Rondo,PG,BOS/DAL,68,29.7,-3.55,0.34,-3.21,-1.12
2015,379,Kyle Anderson,SF,SA,33,10.8,-2.39,-0.87,-3.26,-0.2
2015,380,JaVale McGee,C,DEN/PHI,23,11.1,-1.47,-1.8,-3.27,-0.15
2015,381,Cole Aldrich,C,NY,61,16,-4.78,1.51,-3.27,-0.54
2015,382,Allen Crabbe,SG,POR,51,13.4,-2.6,-0.68,-3.28,-0.4
2015,383,Jerome Jordan,C,BKN,44,8.7,-2.65,-0.65,-3.3,-0.22
2015,384,Kostas Papanikolaou,SF,HOU,43,18.5,-2.72,-0.61,-3.33,-0.49
2015,385,Jodie Meeks,G,DET,60,24.4,-0.96,-2.38,-3.34,-0.88
2015,386,Samuel Dalembert,C,NY,32,17,-4.76,1.4,-3.36,-0.32
2015,387,Kent Bazemore,SG,ATL,75,17.7,-3.39,0.03,-3.36,-0.81
2015,388,Damjan Rudez,SF,IND,68,15.4,-1.31,-2.09,-3.4,-0.68
2015,389,Travis Wear,F,NY,51,13.2,-3.04,-0.39,-3.43,-0.44
2015,390,Zoran Dragic,SG,MIA/PHX,16,4.7,-1.52,-1.92,-3.44,-0.05
2015,391,Luke Babbitt,F,NO,63,13.2,-1.66,-1.85,-3.51,-0.59
2015,392,Dion Waiters,SG,CLE/OKC,80,27.6,-2.35,-1.17,-3.52,-1.65
2015,393,James Jones,SG,CLE,57,11.7,-0.24,-3.29,-3.53,-0.49
2015,394,Ish Smith,PG,PHI/OKC,55,15.1,-1.95,-1.58,-3.53,-0.61
2015,395,Chase Budinger,SF,MIN,67,19.2,-1.81,-1.74,-3.55,-0.97
2015,396,Furkan Aldemir,PF,PHI,41,13.2,-1.26,-2.29,-3.55,-0.41
2015,397,Jeff Green,SF,BOS/MEM,78,31.5,-1.51,-2.05,-3.56,-1.85
2015,398,Jarrett Jack,G,BKN,80,28,-2.06,-1.59,-3.65,-1.76
2015,399,Markel Brown,G,BKN,47,16.6,-1.8,-1.85,-3.65,-0.63
2015,400,Alonzo Gee,SF,DEN/POR,54,12.3,-1.38,-2.3,-3.68,-0.57
2015,401,Gary Neal,PG,MIN/CHA,54,22.1,-1.17,-2.51,-3.68,-0.97
2015,402,Dennis Schroder,PG,ATL,77,19.7,-0.78,-2.93,-3.71,-1.23
2015,403,Jason Maxiell,PF,CHA,61,14.4,-3.73,0.01,-3.72,-0.75
2015,404,T.J. Warren,SF,PHX,40,15.4,-2.51,-1.22,-3.73,-0.54
2015,405,Steve Novak,SF,OKC/UTAH,35,5.6,-1.48,-2.28,-3.76,-0.18
2015,406,Robbie Hummel,SF,MIN,45,16.5,-1.31,-2.45,-3.76,-0.65
2015,407,Spencer Dinwiddie,PG,DET,34,13.4,-2.55,-1.21,-3.76,-0.39
2015,408,James Young,G,BOS,31,10.7,-1.69,-2.07,-3.76,-0.3
2015,409,Carl Landry,PF,SAC,70,17,-2.99,-0.8,-3.79,-1.07
2015,410,Chris Kaman,C,POR,74,18.9,-2.56,-1.25,-3.81,-1.26
2015,411,Erick Green,PG,DEN,43,9.5,-1.29,-2.52,-3.81,-0.38
2015,412,Tim Hardaway Jr.,G,NY,70,24,-0.42,-3.39,-3.81,-1.48
2015,413,John Salmons,SF,NO,21,12.9,-2.55,-1.33,-3.88,-0.25
2015,414,Phil Pressey,PG,BOS,50,12,-3.1,-0.78,-3.88,-0.58
2015,415,Henry Sims,C,PHI,73,19.2,-4.18,0.28,-3.9,-1.37
2015,416,Kendrick Perkins,C,CLE/OKC,68,16.9,-4.97,1.06,-3.91,-1.12
2015,417,Kevin Seraphin,C,WSH,79,15.6,-3.68,-0.28,-3.96,-1.16
2015,418,Shawn Marion,SG,CLE,57,19.3,-2.24,-1.73,-3.97,-1.09
2015,419,Matt Bonner,C,SA,72,13,-1.45,-2.52,-3.97,-0.94
2015,420,Dahntay Jones,SG,LAC,33,3.7,-2.26,-1.73,-3.99,-0.13
2015,421,D.J. Augustin,PG,DET/OKC,82,24,-0.76,-3.24,-4,-1.99
2015,422,Jose Calderon,PG,NY,42,30.2,-1.27,-2.75,-4.02,-1.28
2015,423,Willie Green,SG,ORL,52,18.3,-3.67,-0.36,-4.03,-0.98
2015,424,Austin Rivers,G,NO/LAC,76,20.6,-2.44,-1.61,-4.05,-1.64
2015,425,Bojan Bogdanovic,SF,BKN,78,23.8,-0.16,-3.93,-4.09,-1.91
2015,426,Carlos Boozer,PF,LAL,71,23.8,-1.74,-2.36,-4.1,-1.82
2015,427,Andrew Nicholson,PF,ORL,40,12.3,-3.12,-1.02,-4.14,-0.54
2015,428,Tony Wroten,SG,PHI,30,29.8,-0.34,-3.84,-4.18,-1.05
2015,429,Raymond Felton,PG,DAL,29,9.7,-2.85,-1.34,-4.19,-0.33
2015,430,Kirk Hinrich,SG,CHI,66,24.4,-2.37,-1.83,-4.2,-1.84
2015,431,DeJuan Blair,C,WSH,29,6.2,-2.96,-1.3,-4.26,-0.21
2015,432,P.J. Hairston,SF,CHA,45,15.3,-1.59,-2.68,-4.27,-0.82
2015,433,Shane Larkin,G,NY,76,24.5,-2.54,-1.79,-4.33,-2.19
2015,434,Nik Stauskas,SG,SAC,73,15.4,-1.88,-2.45,-4.33,-1.41
2015,435,Danny Granger,SF,MIA,30,20.4,-2.15,-2.19,-4.34,-0.72
2015,436,Jabari Parker,PF,MIL,25,29.5,-1.68,-2.66,-4.34,-0.93
2015,437,Jordan Hill,C,LAL,70,26.8,-2.95,-1.42,-4.37,-2.34
2015,438,Randy Foye,SG,DEN,50,21.7,-1.92,-2.46,-4.38,-1.42
2015,439,KJ McDaniels,F,HOU/PHI,62,21.8,-3.88,-0.5,-4.38,-1.74
2015,440,Tayshaun Prince,SF,BOS/DET/MEM,58,24.1,-2.31,-2.1,-4.41,-1.74
2015,441,John Lucas III,PG,DET,21,13,-1.66,-2.75,-4.41,-0.34
2015,442,Udonis Haslem,PF,MIA,62,16,-4.12,-0.31,-4.43,-1.25
2015,443,Ray McCallum,PG,SAC,68,21.1,-1.48,-2.95,-4.43,-1.88
2015,444,Joffrey Lauvergne,F,DEN,24,11.2,-2.87,-1.71,-4.58,-0.39
2015,445,JJ Hickson,C,DEN,73,19.3,-3.47,-1.13,-4.6,-2.03
2015,446,Nick Johnson,G,HOU,28,9.4,-3.65,-0.95,-4.6,-0.37
2015,447,Nate Robinson,PG,DEN/LAC,42,14.1,-2.93,-1.73,-4.66,-0.67
2015,448,Lance Thomas,SF,NY/OKC,62,24,-3.07,-1.64,-4.71,-2.14
2015,449,Luke Ridnour,PG,ORL,47,14.5,-2.58,-2.14,-4.72,-1
2015,450,Brandon Davies,PF,BKN/PHI,27,15.7,-1.82,-2.95,-4.77,-0.66
2015,451,Jason Smith,PF,NY,82,21.8,-1.41,-3.37,-4.78,-2.63
2015,452,Lance Stephenson,SG,CHA,61,25.8,-4.6,-0.22,-4.82,-2.4
2015,453,Troy Daniels,SG,HOU/MIN/CHA,47,8.4,-2.18,-2.65,-4.83,-0.6
2015,454,Landry Fields,SG,TOR,26,8.3,-3.03,-1.84,-4.87,-0.34
2015,455,Cleanthony Early,SF,NY,39,16.6,-4.56,-0.35,-4.91,-1.02
2015,456,Tyler Ennis,G,MIL/PHX,33,12.5,-2.28,-2.74,-5.02,-0.7
2015,457,Jeffery Taylor,SF,CHA,29,14.8,-3.47,-1.68,-5.15,-0.74
2015,458,Doug McDermott,SF,CHI,36,8.9,-3.26,-2.02,-5.28,-0.58
2015,459,Andrea Bargnani,C,NY,29,27.1,-1.72,-3.57,-5.29,-1.4
2015,460,JaKarr Sampson,F,PHI,74,15.3,-3.09,-2.29,-5.38,-2.23
2015,461,Derrick Williams,PF,SAC,74,19.8,-0.89,-4.59,-5.48,-2.9
2015,462,Mike Miller,SG,CLE,52,13.5,-4.3,-1.25,-5.55,-1.38
2015,463,Joe Harris,SF,CLE,51,9.7,-2.17,-3.59,-5.76,-1.03
2015,464,Ben Gordon,SG,ORL,56,14.1,-2.31,-3.48,-5.79,-1.66
2015,465,Perry Jones,SF,OKC,43,14.7,-3.79,-2.07,-5.86,-1.41
2015,466,Jabari Brown,SG,LAL,19,29.9,-1.78,-4.23,-6.01,-1.22
2015,467,Adreian Payne,PF,ATL/MIN,32,23.1,-3.14,-3.1,-6.24,-1.77
2015,468,Johnny O'Bryant III,PF,MIL,34,10.8,-4.72,-1.52,-6.24,-0.89
2015,469,Martell Webster,SF,WSH,32,11,-3.4,-2.89,-6.29,-0.83
2015,470,Archie Goodwin,SG,PHX,41,13,-3.95,-2.51,-6.46,-1.39
2015,471,Zach LaVine,PG,MIN,77,24.7,-2.53,-4.34,-6.87,-5.34
2015,472,Anthony Bennett,PF,MIN,57,15.7,-3.78,-3.21,-6.99,-2.63
2015,473,Gary Harris,SG,DEN,55,13.1,-4.66,-2.39,-7.05,-2.2
2015,474,Brandon Rush,SG,GS,33,8.2,-4.2,-3.26,-7.46,-0.93
2016,1,LeBron James,SF,CLE,76,35.6,6.49,3.3,9.79,21.55
2016,2,Draymond Green,PF,GS,81,34.7,3.93,5.04,8.97,22.66
2016,3,Chris Paul,PG,LAC,74,32.7,6.15,2.44,8.59,18.12
2016,4,Stephen Curry,PG,GS,79,34.2,7.65,0.86,8.51,21.1
2016,5,Kawhi Leonard,SF,SA,72,33.1,4.19,3.88,8.07,16.74
2016,6,Russell Westbrook,PG,OKC,80,34.4,7.25,0.6,7.85,19.53
2016,7,Kyle Lowry,PG,TOR,77,37,5.12,1.7,6.82,17.34
2016,8,Kevin Durant,SF,OKC,72,35.8,5.51,0.97,6.48,16
2016,9,Nikola Jokic,C,DEN,80,21.7,2.42,3.61,6.03,9.88
2016,10,Kevin Love,PF,CLE,77,31.5,3.17,2.14,5.31,12.52
2016,11,Paul Millsap,PF,ATL,81,32.7,1.98,3.26,5.24,14.05
2016,12,Tim Duncan,C,SA,61,25.2,-0.48,5.43,4.95,7.69
2016,13,Paul George,SF,IND,81,34.8,3.35,1.58,4.93,14.66
2016,14,DeMarcus Cousins,C,SAC,65,34.6,1.58,3.25,4.83,12.03
2016,15,DeAndre Jordan,C,LAC,77,33.7,0.35,4.07,4.42,12.47
2016,16,James Harden,PG,HOU,82,38.1,5.37,-0.98,4.39,15.07
2016,17,Ricky Rubio,PG,MIN,76,30.6,2.25,1.89,4.14,10.72
2016,18,Jimmy Butler,SG,CHI,67,36.9,3.12,0.89,4.01,11.06
2016,19,Manu Ginobili,G,SA,58,19.6,2,1.91,3.91,5.12
2016,20,Khris Middleton,SF,MIL,79,36.1,3.13,0.63,3.76,12.27
2016,21,Cole Aldrich,C,LAC,60,13.3,-0.72,4.46,3.74,3.42
2016,22,Pau Gasol,C,CHI,72,31.8,0.65,3.07,3.72,9.96
2016,23,Channing Frye,F,CLE/ORL,70,17.1,1.43,2.25,3.68,5.01
2016,24,Danny Green,SG,SA,79,26.1,0.32,2.93,3.25,8.18
2016,25,Andrew Bogut,C,GS,70,20.7,-2.24,5.45,3.21,6.03
2016,26,Jae Crowder,PF,BOS,73,31.6,1.21,1.79,3,9.28
2016,27,Al Horford,C,ATL,82,32.1,0.89,2.08,2.97,10.09
2016,28,Andre Drummond,C,DET,81,32.9,-0.19,3.16,2.97,10.2
2016,29,Amir Johnson,C,BOS,79,22.8,0.12,2.83,2.95,7.11
2016,30,Gordon Hayward,SF,UTAH,80,36.2,2.92,-0.02,2.9,10.5
2016,31,Mike Conley,PG,MEM,56,31.4,2.78,0.08,2.86,6.36
2016,32,Kelly Olynyk,PF,BOS,69,20.2,0.69,2.13,2.82,5.44
2016,33,Jared Sullinger,C,BOS,81,23.6,0.27,2.48,2.75,7.29
2016,34,John Wall,PG,WSH,77,36.2,2.6,0.12,2.72,10.62
2016,35,Dirk Nowitzki,PF,DAL,75,31.5,2.14,0.56,2.7,8.36
2016,36,Marvin Williams,PF,CHA,81,28.9,2.08,0.59,2.67,8.51
2016,37,Brook Lopez,C,BKN,73,33.7,0.47,2.18,2.65,9
2016,38,Ed Davis,PF,POR,81,20.8,-0.02,2.62,2.6,6.05
2016,39,Boban Marjanovic,C,SA,54,9.4,1.75,0.85,2.6,1.77
2016,40,Victor Oladipo,SG,ORL,72,33,1.8,0.79,2.59,8.65
2016,41,Kemba Walker,PG,CHA,81,35.6,2.93,-0.35,2.58,10.38
2016,42,Gorgui Dieng,C,MIN,82,27.1,0.03,2.54,2.57,7.98
2016,43,Kristaps Porzingis,PF,NY,72,28.4,0.24,2.26,2.5,7.09
2016,44,Mason Plumlee,PF,POR,82,25.4,0.32,2.11,2.43,7.45
2016,45,Patrick Beverley,PG,HOU,71,28.7,1.37,1.01,2.38,7.15
2016,46,Nene Hilario,C,WSH,57,19.2,-0.65,3.02,2.37,3.92
2016,47,Steven Adams,C,OKC,80,25.2,-0.42,2.77,2.35,7.05
2016,48,Rudy Gobert,C,UTAH,61,31.7,-1.55,3.89,2.34,6.29
2016,49,Kevin Garnett,PF,MIN,38,14.6,-1.88,4.18,2.3,1.9
2016,50,CJ McCollum,SG,POR,80,34.8,2.2,0.05,2.25,9.54
2016,51,Carmelo Anthony,PF,NY,72,35.1,2.97,-0.73,2.24,8.4
2016,52,David West,F,SA,78,18,-0.69,2.9,2.21,4.67
2016,53,LaMarcus Aldridge,PF,SA,74,30.6,0.66,1.49,2.15,7.46
2016,54,Goran Dragic,PG,MIA,72,32.8,1.42,0.7,2.12,7.73
2016,55,Blake Griffin,PF,LAC,35,33.4,0.74,1.33,2.07,3.91
2016,56,Chris Bosh,PF,MIA,53,33.5,0.87,1.19,2.06,5.63
2016,57,Clint Capela,C,HOU,77,19.1,-0.68,2.74,2.06,4.92
2016,58,Ian Mahinmi,C,IND,71,25.6,-2.33,4.37,2.04,6.09
2016,59,Patrick Patterson,PF,TOR,79,25.6,2.19,-0.16,2.03,6.24
2016,60,Cody Zeller,C,CHA,73,24.3,-0.31,2.26,1.95,5.69
2016,61,Anthony Davis,PF,NO,61,35.5,0.1,1.82,1.92,7.03
2016,62,Luol Deng,SF,MIA,74,32.4,1.2,0.69,1.89,7.52
2016,63,Jared Dudley,SF,WSH,81,25.9,1.09,0.78,1.87,6.82
2016,64,Marcin Gortat,C,WSH,75,30.1,-0.83,2.65,1.82,7.26
2016,65,Klay Thompson,SG,GS,80,33.3,2.38,-0.61,1.77,8.7
2016,66,Al-Farouq Aminu,PF,POR,82,28.5,0.11,1.62,1.73,7.34
2016,67,Danilo Gallinari,SF,DEN,53,34.7,1.88,-0.16,1.72,5.64
2016,68,Eric Bledsoe,PG,PHX,31,34.2,1.31,0.39,1.7,3.32
2016,69,Kyle Korver,SG,ATL,80,30,-0.13,1.82,1.69,7.31
2016,70,Andre Iguodala,SG,GS,65,26.6,1.08,0.61,1.69,5.44
2016,71,Derrick Favors,PF,UTAH,62,32,-0.13,1.8,1.67,5.71
2016,72,Patty Mills,PG,SA,81,20.5,2.01,-0.36,1.65,5.05
2016,73,Jrue Holiday,PG,NO,65,28.2,2.57,-0.94,1.63,5.62
2016,74,Nikola Mirotic,PF,CHI,66,24.9,0.88,0.73,1.61,4.99
2016,75,Robert Covington,SF,PHI,67,28.4,-0.49,2.09,1.6,5.84
2016,76,Zaza Pachulia,C,DAL,76,26.4,-1.04,2.59,1.55,5.68
2016,77,Trevor Booker,F,UTAH,79,20.7,-0.82,2.37,1.55,4.59
2016,78,Otto Porter Jr.,SF,WSH,75,30.3,0.34,1.17,1.51,6.91
2016,79,Reggie Jackson,PG,DET,79,30.7,3.27,-1.82,1.45,7
2016,80,Cristiano Felicio,PF,CHI,31,10.4,-0.26,1.71,1.45,0.93
2016,81,Hassan Whiteside,C,MIA,73,29.1,-1.51,2.94,1.43,5.96
2016,82,Festus Ezeli,C,GS,46,16.7,-0.77,2.19,1.42,2.31
2016,83,Tristan Thompson,C,CLE,82,27.7,0.13,1.24,1.37,6.3
2016,84,Kentavious Caldwell-Pope,SG,DET,76,36.7,0.85,0.52,1.37,7.88
2016,85,Marcus Morris,PF,DET,80,35.7,0.85,0.51,1.36,8.05
2016,86,JR Smith,SG,CLE,77,30.7,2.56,-1.22,1.34,6.49
2016,87,Damian Lillard,PG,POR,75,35.7,4.47,-3.16,1.31,7.65
2016,88,Mike Scott,PF,ATL,75,15.3,0.32,0.99,1.31,3.18
2016,89,Jeff Withey,C,UTAH,51,12.9,-1.5,2.8,1.3,1.74
2016,90,Tiago Splitter,C,ATL,36,16.1,-0.74,1.99,1.25,1.62
2016,91,Isaiah Thomas,PG,BOS,82,32.2,3.13,-1.89,1.24,7.58
2016,92,Rodney Hood,SG,UTAH,79,32.2,2.21,-0.98,1.23,6.51
2016,93,Nicolas Batum,SF,CHA,70,35,1.51,-0.29,1.22,6.75
2016,94,Matt Bonner,C,SA,30,6.9,0.33,0.86,1.19,0.54
2016,95,Tyreke Evans,SG,NO,25,30.6,1.06,0.09,1.15,2.01
2016,96,Marc Gasol,C,MEM,52,34.4,-0.9,2.01,1.11,4.6
2016,97,Taj Gibson,PF,CHI,73,26.5,-0.45,1.56,1.11,5.11
2016,98,Giannis Antetokounmpo,PF,MIL,80,35.3,0.84,0.27,1.11,7.46
2016,99,Jeremy Lamb,SG,CHA,66,18.6,-0.87,1.87,1,3.19
2016,100,George Hill,PG,IND,74,34.1,0.63,0.34,0.97,6.58
2016,101,Omri Casspi,SF,SAC,69,27.2,0.34,0.62,0.96,5.12
2016,102,Wesley Johnson,SF,LAC,80,20.8,-1.12,2.05,0.93,4.34
2016,103,Serge Ibaka,PF,OKC,78,32.1,0.03,0.86,0.89,6.48
2016,104,Tony Allen,SG,MEM,64,25.3,-1.4,2.21,0.81,3.88
2016,105,Karl-Anthony Towns,C,MIN,82,32,1.03,-0.22,0.81,6.56
2016,106,Thaddeus Young,PF,BKN,73,33,-0.48,1.24,0.76,5.93
2016,107,Nikola Vucevic,C,ORL,65,31.3,-0.19,0.95,0.76,4.99
2016,108,Greg Monroe,C,MIL,79,29.3,0.53,0.18,0.71,5.53
2016,109,Matthew Dellavedova,PG,CLE,76,24.6,1.39,-0.71,0.68,4.36
2016,110,Darrell Arthur,F,DEN,70,21.7,-0.73,1.39,0.66,3.62
2016,111,Spencer Hawes,PF,CHA,57,18.2,-1.45,2.1,0.65,2.45
2016,112,Aaron Gordon,PF,ORL,78,23.9,0.4,0.23,0.63,4.48
2016,113,Tobias Harris,SF,DET/ORL,76,33.1,-0.25,0.86,0.61,5.88
2016,114,Kyle Anderson,SF,SA,78,16,-1.36,1.97,0.61,2.86
2016,115,Wesley Matthews,SG,DAL,78,33.9,1.95,-1.35,0.6,5.97
2016,116,Monta Ellis,SG,IND,81,33.8,0.14,0.44,0.58,6.54
2016,117,Trevor Ariza,SF,HOU,81,35.3,1.22,-0.65,0.57,6.72
2016,118,Dennis Schroder,PG,ATL,80,20.3,0.88,-0.31,0.57,3.7
2016,119,Joe Johnson,G,MIA/BKN,81,33.4,0.8,-0.24,0.56,6.29
2016,120,Joakim Noah,C,CHI,29,21.9,-1.88,2.44,0.56,1.48
2016,121,Rondae Hollis-Jefferson,SF,BKN,29,21.2,-1.56,2.05,0.49,1.44
2016,122,Chandler Parsons,SF,DAL,61,29.5,0.71,-0.23,0.48,3.94
2016,123,Brandon Bass,PF,LAL,66,20.3,-0.15,0.5,0.35,2.96
2016,124,Shaun Livingston,PG,GS,78,19.5,-0.19,0.52,0.33,3.31
2016,125,JJ Redick,SG,LAC,75,28,1.9,-1.59,0.31,4.59
2016,126,Rajon Rondo,PG,SAC,72,35.2,0.89,-0.59,0.3,5.83
2016,127,Deron Williams,PG,DAL,65,32.4,0.18,0.11,0.29,4.37
2016,128,Ronnie Price,PG,PHX,62,19.5,-1.41,1.64,0.23,2.63
2016,129,Jose Calderon,PG,NY,72,28.1,0.62,-0.4,0.22,4.18
2016,130,Salah Mejri,C,DAL,34,11.7,-1.16,1.35,0.19,0.81
2016,131,Amar'e Stoudemire,C,MIA,52,14.7,-2.35,2.53,0.18,1.58
2016,132,Rudy Gay,SF,SAC,70,34,-0.19,0.36,0.17,5.21
2016,133,Jonas Valanciunas,C,TOR,60,26,-0.49,0.64,0.15,3.15
2016,134,Nemanja Bjelica,PF,MIN,60,17.9,0.06,0.08,0.14,2.24
2016,135,Solomon Hill,SF,IND,59,14.7,-0.25,0.39,0.14,1.8
2016,136,PJ Tucker,SF,PHX,82,31,-0.4,0.5,0.1,5.34
2016,137,Dwight Powell,PF,DAL,69,14.4,-2.12,2.22,0.1,2.03
2016,138,DeMarre Carroll,SF,TOR,26,30.2,-0.87,0.96,0.09,1.6
2016,139,Avery Bradley,SG,BOS,76,33.4,1.32,-1.24,0.08,5.31
2016,140,Boris Diaw,C,SA,76,18.2,-0.57,0.64,0.07,2.83
2016,141,Andre Roberson,SG,OKC,70,22.2,-1.48,1.55,0.07,3.16
2016,142,Tarik Black,C,LAL,39,12.7,-1.5,1.56,0.06,0.99
2016,143,Josh Richardson,SG,MIA,52,21.3,0.42,-0.36,0.06,2.19
2016,144,Bismack Biyombo,C,TOR,82,22,-2.97,3.02,0.05,3.46
2016,145,Joel Anthony,PF,DET,19,5.1,-1.09,1.12,0.03,0.17
2016,146,Robin Lopez,C,NY,82,27.1,-0.95,0.97,0.02,4.3
2016,147,Iman Shumpert,SG,CLE,54,24.4,-1.24,1.26,0.02,2.56
2016,148,Ryan Anderson,PF,NO,66,30.4,1.59,-1.59,0,4.05
2016,149,Sasha Kaun,C,CLE,25,3.8,-1.3,1.29,-0.01,0.19
2016,150,Marcus Smart,PG,BOS,61,27.3,-0.73,0.72,-0.01,3.45
2016,151,Elton Brand,PF,PHI,17,13.2,-2.14,2.11,-0.03,0.46
2016,152,Dwight Howard,C,HOU,71,32.1,-1.66,1.62,-0.04,4.43
2016,153,Lavoy Allen,F,IND,79,20.2,-1.2,1.15,-0.05,3.07
2016,154,Kyle O'Quinn,C,NY,65,11.8,-1.22,1.14,-0.08,1.45
2016,155,Josh McRoberts,PF,MIA,42,14.2,-0.78,0.69,-0.09,1.12
2016,156,Al Jefferson,C,CHA,47,23.3,-1.9,1.78,-0.12,2.11
2016,157,DeMar DeRozan,SG,TOR,78,35.9,2.33,-2.47,-0.14,5.15
2016,158,Kenneth Faried,PF,DEN,67,25.3,0.74,-0.91,-0.17,3.16
2016,159,Jon Leuer,PF,PHX,67,18.7,-1.14,0.97,-0.17,2.45
2016,160,Chris Kaman,C,POR,16,7,-1.32,1.13,-0.19,0.2
2016,161,Jordan Hill,C,IND,73,20.7,-1.22,1.03,-0.19,2.77
2016,162,Jusuf Nurkic,C,DEN,32,17.1,-1.29,1.08,-0.21,1
2016,163,Alan Williams,PF,PHX,10,6.8,-0.76,0.54,-0.22,0.14
2016,164,Enes Kanter,C,OKC,82,21,1.27,-1.5,-0.23,3.15
2016,165,Alex Stepheson,PF,LAC/MEM,8,9.1,-1.09,0.77,-0.32,0.13
2016,166,Larry Nance Jr.,PF,LAL,63,20.1,-1.69,1.37,-0.32,2.24
2016,167,Dewayne Dedmon,C,ORL,58,12.2,-2.08,1.76,-0.32,1.26
2016,168,Jonas Jerebko,PF,BOS,78,15.1,-1.34,1,-0.34,2.13
2016,169,Thabo Sefolosha,SF,ATL,75,23.4,-1.97,1.62,-0.35,3.07
2016,170,Carl Landry,PF,PHI,36,15.8,0.48,-0.83,-0.35,1.04
2016,171,Garrett Temple,SG,WSH,80,24.4,-1.24,0.89,-0.35,3.54
2016,172,David Lee,PF,BOS/DAL,55,16.4,-1.78,1.41,-0.37,1.61
2016,173,Andrew Nicholson,PF,ORL,56,14.7,-1.27,0.9,-0.37,1.43
2016,174,Willie Reed,C,BKN,39,10.9,-1.01,0.64,-0.37,0.74
2016,175,Tony Parker,PG,SA,72,27.5,0.37,-0.77,-0.4,3.37
2016,176,Eric Gordon,SG,NO,45,32.9,0.21,-0.61,-0.4,2.6
2016,177,Anthony Tolliver,PF,DET,72,18.6,0,-0.41,-0.41,2.25
2016,178,Courtney Lee,SG,MEM/CHA,79,29.5,-0.31,-0.13,-0.44,3.91
2016,179,KJ McDaniels,F,HOU,37,6.4,-1.1,0.64,-0.46,0.41
2016,180,Mirza Teletovic,PF,PHX,79,21.3,2.05,-2.52,-0.47,2.94
2016,181,Michael Kidd-Gilchrist,SF,CHA,7,29.3,-0.78,0.31,-0.47,0.34
2016,182,Tyson Chandler,C,PHX,66,24.5,-2.69,2.18,-0.51,2.72
2016,183,Lucas Nogueira,C,TOR,29,7.8,-0.7,0.18,-0.52,0.37
2016,184,Langston Galloway,SG,NY,82,24.8,-1.09,0.56,-0.53,3.26
2016,185,Markieff Morris,PF,PHX/WSH,64,25.5,-1.47,0.9,-0.57,2.71
2016,186,Kyrie Irving,PG,CLE,53,31.5,2.08,-2.68,-0.6,2.59
2016,187,Sasha Vujacic,SG,NY,61,14.9,-0.71,0.08,-0.63,1.43
2016,188,Tibor Pleiss,C,UTAH,12,6.8,-1.1,0.42,-0.68,0.12
2016,189,Jeff Teague,PG,ATL,79,28.5,1.12,-1.81,-0.69,3.53
2016,190,Joe Ingles,SF,UTAH,81,15.3,-0.58,-0.11,-0.69,1.82
2016,191,Shayne Whittington,PF,IND,7,5.9,-1.23,0.53,-0.7,0.06
2016,192,Nazr Mohammed,C,OKC,5,3.8,-1.1,0.39,-0.71,0.03
2016,193,Shelvin Mack,PG,ATL/UTAH,52,20.3,-0.27,-0.46,-0.73,1.53
2016,194,Darren Collison,PG,SAC,74,30,1.77,-2.51,-0.74,3.48
2016,195,Rakeem Christmas,PF,IND,1,6,-0.88,0.12,-0.76,0.01
2016,196,Cory Joseph,PG,TOR,80,25.6,-0.68,-0.09,-0.77,2.91
2016,197,Edy Tavares,C,ATL,11,6.6,-0.96,0.19,-0.77,0.11
2016,198,Alan Anderson,SG,WSH,13,14.8,-0.76,-0.04,-0.8,0.29
2016,199,Tony Snell,SG,CHI,64,20.3,-2.66,1.86,-0.8,1.9
2016,200,Jeremy Lin,PG,CHA,78,26.3,-0.65,-0.18,-0.83,2.95
2016,201,Luc Mbah a Moute,PF,LAC,75,17,-2.57,1.72,-0.85,1.83
2016,202,Mike Muscala,PF,ATL,60,9.4,-1.44,0.57,-0.87,0.81
2016,203,O.J. Mayo,SG,MIL,41,26.6,-1.54,0.65,-0.89,1.54
2016,204,Justise Winslow,SF,MIA,78,28.6,-1.86,0.96,-0.9,3.1
2016,205,Norman Powell,SF,TOR,49,14.8,-1,0.09,-0.91,1
2016,206,Tyler Johnson,SG,MIA,36,24,-0.49,-0.43,-0.92,1.15
2016,207,Josh Huestis,F,OKC,5,11,-1.19,0.27,-0.92,0.08
2016,208,Elfrid Payton,PG,ORL,73,29.4,-0.62,-0.3,-0.92,3.03
2016,209,Montrezl Harrell,PF,HOU,39,9.7,-0.9,-0.02,-0.92,0.55
2016,210,Pablo Prigioni,PG,LAC,59,13.9,-1.28,0.35,-0.93,1.12
2016,211,E'Twaun Moore,G,CHI,59,21.4,-0.51,-0.44,-0.95,1.75
2016,212,Vince Carter,SF,MEM,60,16.8,-0.28,-0.71,-0.99,1.36
2016,213,Zach Randolph,PF,MEM,68,29.6,0.22,-1.21,-0.99,2.63
2016,214,Aron Baynes,C,DET,81,15.2,-1.16,0.17,-0.99,1.65
2016,215,Maurice Harkless,SF,POR,78,18.7,-0.98,-0.02,-1,2
2016,216,Tyler Hansbrough,PF,CHA,44,7.8,-0.96,-0.06,-1.02,0.45
2016,217,Evan Fournier,SG,ORL,79,32.5,1.51,-2.53,-1.02,3.41
2016,218,Justin Anderson,SG,DAL,55,11.8,-2.07,1.03,-1.04,0.86
2016,219,Chris Andersen,PF,MIA/MEM,27,14.9,-1.01,-0.07,-1.08,0.5
2016,220,Dwyane Wade,SG,MIA,74,30.5,0.7,-1.78,-1.08,2.87
2016,221,Meyers Leonard,PF,POR,61,21.9,0.18,-1.26,-1.08,1.71
2016,222,Ish Smith,PG,NO/PHI,77,29.1,0.32,-1.42,-1.1,2.95
2016,223,Robert Sacre,C,LAL,25,12.8,-1.58,0.48,-1.1,0.42
2016,224,Metta World Peace,SF,LAL,35,16.9,-2.17,1.06,-1.11,0.74
2016,225,Marcus Thornton,SG,HOU/WSH,61,18.2,-0.6,-0.52,-1.12,1.46
2016,226,Donatas Motiejunas,PF,HOU,37,14.8,-1.8,0.68,-1.12,0.71
2016,227,Alexis Ajinca,C,NO,59,14.6,-2.97,1.84,-1.13,1.1
2016,228,James Jones,SG,CLE,48,9.6,-1.11,-0.06,-1.17,0.56
2016,229,Andrew Wiggins,SF,MIN,81,35.1,0.67,-1.84,-1.17,3.54
2016,230,CJ Wilcox,G,LAC,23,7.3,-0.94,-0.25,-1.19,0.21
2016,231,Nerlens Noel,PF,PHI,67,29.3,-3.48,2.29,-1.19,2.45
2016,232,Jason Smith,PF,ORL,76,15.5,-1.74,0.53,-1.21,1.44
2016,233,Marreese Speights,F,GS,72,11.6,-0.95,-0.29,-1.24,1.01
2016,234,Jarrett Jack,G,BKN,32,32.1,0,-1.26,-1.26,1.23
2016,235,Luis Scola,F,TOR,76,21.5,-1.27,-0.01,-1.28,1.89
2016,236,Harrison Barnes,SF,GS,66,30.9,-0.17,-1.11,-1.28,2.47
2016,237,Andre Miller,PG,MIN/SA,39,11.8,0.3,-1.6,-1.3,0.49
2016,238,Jordan Mickey,F,BOS,16,3.6,-1.64,0.34,-1.3,0.07
2016,239,Brandon Jennings,G,DET/ORL,48,18.1,-0.47,-0.84,-1.31,1.01
2016,240,Sam Dekker,SF,HOU,3,2,-1.17,-0.14,-1.31,0.01
2016,241,Kent Bazemore,SG,ATL,75,27.8,-1.49,0.15,-1.34,2.37
2016,242,Delon Wright,PG,TOR,27,8.5,-0.7,-0.64,-1.34,0.25
2016,243,Nick Collison,F,OKC,59,11.8,-2.72,1.37,-1.35,0.78
2016,244,Eric Moreland,PF,SAC,8,6,-1.17,-0.18,-1.35,0.06
2016,245,Michael Carter-Williams,PG,MIL,54,30.5,-1.73,0.37,-1.36,1.82
2016,246,Matt Barnes,SF,MEM,76,28.8,-0.45,-0.94,-1.39,2.36
2016,247,Jeremy Evans,F,DAL,30,8.4,-1.59,0.18,-1.41,0.27
2016,248,Duje Dukan,PF,SAC,1,24,-1.04,-0.39,-1.43,0.03
2016,249,Frank Kaminsky,PF,CHA,81,21.1,-1.21,-0.23,-1.44,1.82
2016,250,Udonis Haslem,PF,MIA,37,7,-1.88,0.43,-1.45,0.27
2016,251,Anderson Varejao,C,CLE/GS,53,9.4,-2.28,0.8,-1.48,0.52
2016,252,Dahntay Jones,SG,CLE,1,42,-1.06,-0.44,-1.5,0.04
2016,253,Jeff Green,SF,LAC/MEM,80,28.2,-0.44,-1.06,-1.5,2.24
2016,254,Tim Hardaway Jr.,G,ATL,51,16.9,-0.49,-1.01,-1.5,0.88
2016,255,T.J. McConnell,PG,PHI,81,19.8,-0.45,-1.05,-1.5,1.67
2016,256,Kirk Hinrich,SG,ATL/CHI,46,13.7,-1.56,0.03,-1.53,0.62
2016,257,Corey Brewer,F,HOU,82,20.4,-1.67,0.14,-1.53,1.73
2016,258,Jodie Meeks,G,DET,3,14.3,-0.81,-0.72,-1.53,0.04
2016,259,CJ Miles,SF,IND,64,22.9,0.12,-1.68,-1.56,1.51
2016,260,Randy Foye,SG,DEN/OKC,81,20.3,-2.04,0.47,-1.57,1.61
2016,261,Andrew Goudelock,PG,HOU,8,6.3,-1.15,-0.42,-1.57,0.05
2016,262,Donald Sloan,G,BKN,61,21.6,0.11,-1.69,-1.58,1.3
2016,263,Rodney Stuckey,PG,IND,58,22,-1.26,-0.35,-1.61,1.22
2016,264,James Johnson,PF,TOR,57,16.2,-2.33,0.72,-1.61,0.87
2016,265,Evan Turner,SG,BOS,81,28,-1.84,0.23,-1.61,2.25
2016,266,Leandro Barbosa,G,GS,68,15.9,-0.5,-1.13,-1.63,1.06
2016,267,Brandan Wright,F,MEM,12,17.7,-0.81,-0.82,-1.63,0.2
2016,268,Devin Harris,PG,DAL,64,20,-1.52,-0.12,-1.64,1.2
2016,269,Gary Harris,SG,DEN,76,32.1,0.4,-2.04,-1.64,2.29
2016,270,Cliff Alexander,PF,POR,8,4.5,-1.45,-0.19,-1.64,0.03
2016,271,Caron Butler,SF,SAC,17,10.4,-1.5,-0.16,-1.66,0.17
2016,272,Gerald Green,SG,MIA,69,22.6,-0.8,-0.86,-1.66,1.41
2016,273,John Henson,F,MIL,57,16.8,-2.42,0.76,-1.66,0.87
2016,274,Ramon Sessions,G,WSH,82,20.3,-0.08,-1.63,-1.71,1.53
2016,275,Will Barton,SG,DEN,82,28.7,0.02,-1.73,-1.71,2.08
2016,276,Raymond Felton,PG,DAL,80,27.4,-0.59,-1.13,-1.72,1.9
2016,277,Chase Budinger,SF,IND/PHX,66,14.1,-1.45,-0.27,-1.72,0.85
2016,278,D.J. Augustin,PG,DEN/OKC,62,19,-0.04,-1.71,-1.75,1.01
2016,279,JaVale McGee,C,DAL,34,10.9,-1.85,0.09,-1.76,0.31
2016,280,Alex Len,C,PHX,78,23.3,-3.37,1.6,-1.77,1.6
2016,281,Greg Smith,PF,MIN,18,10.7,-1.51,-0.27,-1.78,0.16
2016,282,Omer Asik,C,NO,68,17.3,-3.55,1.76,-1.79,1.01
2016,283,Lou Williams,SG,LAL,67,28.5,1.21,-3.01,-1.8,1.63
2016,284,Terrence Ross,SG,TOR,73,23.9,-0.39,-1.41,-1.8,1.41
2016,285,Jordan Adams,SG,MEM,2,7.5,-1.21,-0.59,-1.8,0.01
2016,286,Mike Miller,SG,DEN,47,7.9,-1.58,-0.23,-1.81,0.31
2016,287,Mitch McGary,PF,OKC,20,3.6,-1.61,-0.2,-1.81,0.06
2016,288,Cameron Payne,PG,OKC,57,12.2,-0.86,-0.95,-1.81,0.58
2016,289,Lance Thomas,SF,NY,59,22.3,-0.66,-1.16,-1.82,1.05
2016,290,Richaun Holmes,PF,PHI,51,13.8,-0.2,-1.64,-1.84,0.59
2016,291,Kosta Koufos,C,SAC,78,19,-1.51,-0.34,-1.85,1.24
2016,292,Dion Waiters,SG,OKC,78,27.6,-0.21,-1.64,-1.85,1.75
2016,293,Cleanthony Early,SF,NY,17,9.1,-1.96,0.11,-1.85,0.12
2016,294,Ryan Kelly,PF,LAL,36,13.1,-2.84,0.98,-1.86,0.39
2016,295,Lou Amundson,PF,NY,29,7,-2.01,0.14,-1.87,0.15
2016,296,Willie Cauley-Stein,C,SAC,66,21.4,-0.93,-0.95,-1.88,1.15
2016,297,Kris Humphries,PF,ATL/PHX/WSH,53,15.8,-1.45,-0.45,-1.9,0.67
2016,298,Nikola Pekovic,C,MIN,12,13,-1.41,-0.5,-1.91,0.11
2016,299,Jerami Grant,SF,PHI,77,26.8,-1.92,0.01,-1.91,1.63
2016,300,Damjan Rudez,SF,MIN,33,8.4,-0.88,-1.04,-1.92,0.21
2016,301,Henry Sims,C,BKN,14,18.8,-1.79,-0.17,-1.96,0.2
2016,302,Alec Burks,SG,UTAH,31,25.7,-1.02,-0.99,-2.01,0.54
2016,303,Ben McLemore,SG,SAC,68,21.2,-1.51,-0.51,-2.02,1.08
2016,304,JaMychal Green,PF,MEM,78,18.5,-1.24,-0.79,-2.03,1
2016,305,Raul Neto,PG,UTAH,81,18.5,-1.51,-0.52,-2.03,0.99
2016,306,Brandon Knight,PG,PHX,52,36,0.44,-2.48,-2.04,1.32
2016,307,Jarell Martin,PF,MEM,27,14.1,-1.26,-0.8,-2.06,0.25
2016,308,Josh Smith,PF,HOU/LAC,55,16,-3.14,1.05,-2.09,0.59
2016,309,Jarell Eddie,F,WSH,26,5.7,-1.37,-0.72,-2.09,0.1
2016,310,R.J. Hunter,G,BOS,36,8.8,-1.98,-0.11,-2.09,0.21
2016,311,Seth Curry,SG,SAC,44,15.7,0.19,-2.29,-2.1,0.47
2016,312,Luke Babbitt,F,NO,47,18,-0.1,-2.01,-2.11,0.56
2016,313,Damien Inglis,SF,MIL,20,7.8,-2.43,0.31,-2.12,0.1
2016,314,Jerryd Bayless,PG,MIL,52,28.9,0.21,-2.34,-2.13,0.92
2016,315,Alonzo Gee,SF,NO,73,22.4,-2.89,0.76,-2.13,1.06
2016,316,Charlie Villanueva,PF,DAL,62,10.7,-2.08,-0.07,-2.15,0.42
2016,317,Branden Dawson,SF,LAC,6,4.8,-1.23,-0.92,-2.15,0.02
2016,318,Darrun Hilliard,G,DET,38,10.1,-1.48,-0.71,-2.19,0.22
2016,319,Kevon Looney,SF,GS,5,4.2,-1.02,-1.18,-2.2,0.01
2016,320,Kevin Seraphin,C,NY,48,11,-3.79,1.56,-2.23,0.29
2016,321,Chris McCullough,F,BKN,24,15.1,-1.18,-1.05,-2.23,0.21
2016,322,Bradley Beal,SG,WSH,55,31.1,0.29,-2.53,-2.24,0.99
2016,323,Quincy Acy,F,SAC,59,14.8,-1.27,-0.99,-2.26,0.5
2016,324,Ersan Ilyasova,PF,DET/ORL,74,25.4,-1.42,-0.85,-2.27,1.02
2016,325,Troy Daniels,SG,CHA,43,11.1,0,-2.28,-2.28,0.25
2016,326,Aaron Brooks,G,CHI,69,16.1,-0.3,-1.99,-2.29,0.58
2016,327,Lamar Patterson,SG,ATL,35,11.3,-1.76,-0.53,-2.29,0.21
2016,328,Jamal Crawford,SG,LAC,79,26.9,0.41,-2.72,-2.31,1.1
2016,329,Joffrey Lauvergne,F,DEN,59,17.6,-0.99,-1.32,-2.31,0.53
2016,330,Richard Jefferson,F,CLE,74,17.9,-1.44,-0.88,-2.32,0.66
2016,331,Sergey Karasev,SG,BKN,40,10,-1.11,-1.22,-2.33,0.21
2016,332,Axel Toupane,SG,DEN,21,14.5,-0.92,-1.42,-2.34,0.15
2016,333,Trey Lyles,PF,UTAH,80,17.3,-2.1,-0.28,-2.38,0.62
2016,334,Allen Crabbe,SG,POR,81,26,0.18,-2.58,-2.4,0.97
2016,335,Reggie Bullock,SG,DET,37,11.6,-0.43,-1.98,-2.41,0.19
2016,336,Jordan Clarkson,PG,LAL,79,32.3,0.14,-2.56,-2.42,1.16
2016,337,T.J. Warren,SF,PHX,47,22.8,-0.38,-2.04,-2.42,0.49
2016,338,Bruno Caboclo,F,TOR,6,7.2,-1.59,-0.89,-2.48,0.02
2016,339,Aaron Harrison,G,CHA,21,4.4,-1.63,-0.88,-2.51,0.04
2016,340,Michael Beasley,SF,HOU,20,18.2,-1.25,-1.27,-2.52,0.14
2016,341,Xavier Munford,G,MEM,14,17.4,-1.18,-1.34,-2.52,0.09
2016,342,Devyn Marble,SF,ORL,28,8.9,-2.3,-0.25,-2.55,0.09
2016,343,Kendrick Perkins,C,NO,37,14.6,-2.2,-0.36,-2.56,0.2
2016,344,Kobe Bryant,SF,LAL,66,28.2,0.6,-3.18,-2.58,0.66
2016,345,Paul Pierce,SF,LAC,68,18.1,-1.92,-0.66,-2.58,0.42
2016,346,Anthony Morrow,SG,OKC,68,13.6,0.46,-3.05,-2.59,0.32
2016,347,James Michael McAdoo,SF,GS,41,6.4,-1.39,-1.21,-2.6,0.09
2016,348,Brian Roberts,PG,POR/CHA,51,9.2,-0.93,-1.73,-2.66,0.14
2016,349,Glenn Robinson III,SG,IND,45,11.3,-2.18,-0.5,-2.68,0.14
2016,350,Tyler Zeller,C,BOS,60,11.8,-2.71,0.02,-2.69,0.21
2016,351,Kyle Singler,F,OKC,68,14.4,-2.68,-0.02,-2.7,0.27
2016,352,Stanley Johnson,SF,DET,73,23.1,-1.92,-0.78,-2.7,0.45
2016,353,Miles Plumlee,C,MIL,61,14.3,-2.22,-0.52,-2.74,0.21
2016,354,Jonathon Simmons,SF,SA,55,14.8,-0.74,-2.02,-2.76,0.19
2016,355,Lance Stephenson,SG,LAC/MEM,69,19.9,-1.21,-1.6,-2.81,0.27
2016,356,Hollis Thompson,SF,PHI,77,28,-0.22,-2.6,-2.82,0.42
2016,357,Mike Dunleavy,SG,CHI,31,22.7,-0.68,-2.15,-2.83,0.13
2016,358,Roy Hibbert,C,LAL,81,23.2,-3.9,1.05,-2.85,0.33
2016,359,Shane Larkin,G,BKN,78,22.4,-0.9,-1.97,-2.87,0.28
2016,360,Marcelo Huertas,PG,LAL,53,16.4,-1.43,-1.45,-2.88,0.13
2016,361,Noah Vonleh,PF,POR,78,15.1,-3.52,0.44,-3.08,0.03
2016,362,Jordan Hamilton,SG,NO,11,27.6,-1.06,-2.03,-3.09,0.01
2016,363,Drew Gooden,PF,WSH,30,10.2,-2.2,-0.92,-3.12,0
2016,364,Dante Cunningham,SF,NO,80,24.6,-1.21,-1.92,-3.13,-0.01
2016,365,Trey Burke,PG,UTAH,64,21.3,-0.24,-2.89,-3.13,0
2016,366,Jason Terry,G,HOU,72,17.5,-0.33,-2.81,-3.14,-0.01
2016,367,James Young,G,BOS,29,6.9,-2.05,-1.12,-3.17,-0.01
2016,368,Derrick Williams,PF,NY,80,17.9,-0.89,-2.3,-3.19,-0.06
2016,369,Mario Hezonja,SF,ORL,79,17.9,-1.59,-1.6,-3.19,-0.06
2016,370,Jabari Parker,PF,MIL,76,31.7,-1.19,-2,-3.19,-0.1
2016,371,Gerald Henderson,SG,POR,72,19.9,-1.64,-1.57,-3.21,-0.08
2016,372,Arron Afflalo,G,NY,71,33.4,-0.67,-2.58,-3.25,-0.18
2016,373,Tyler Ennis,G,MIL,46,14.2,-1.86,-1.4,-3.26,-0.05
2016,374,Pat Connaughton,SG,POR,34,4.2,-2.22,-1.05,-3.27,-0.01
2016,375,Luis Montero,SG,POR,12,3.5,-1.53,-1.82,-3.35,-0.01
2016,376,Myles Turner,C,IND,60,22.8,-3.61,0.25,-3.36,-0.21
2016,377,Justin Holiday,SF,ATL/CHI,53,14.6,-2.15,-1.22,-3.37,-0.12
2016,378,Jameer Nelson,G,DEN,39,26.6,-1.01,-2.37,-3.38,-0.16
2016,379,C.J. Watson,PG,ORL,33,19.9,-1.7,-1.7,-3.4,-0.12
2016,380,Brandon Rush,SG,GS,72,14.7,-1.12,-2.29,-3.41,-0.2
2016,381,Kelly Oubre Jr.,F,WSH,63,10.7,-2.55,-0.94,-3.49,-0.16
2016,382,Tyus Jones,PG,MIN,37,15.5,-1.77,-1.82,-3.59,-0.17
2016,383,J.J. Barea,PG,DAL,74,22.5,1.3,-4.9,-3.6,-0.5
2016,384,Austin Rivers,G,LAC,67,21.9,-1.58,-2.03,-3.61,-0.46
2016,385,Norris Cole,PG,NO,45,26.6,-1.44,-2.21,-3.65,-0.4
2016,386,Jerian Grant,PG,NY,76,16.6,-2.11,-1.54,-3.65,-0.41
2016,387,D'Angelo Russell,PG,LAL,80,28.2,-1.1,-2.56,-3.66,-0.77
2016,388,Zach LaVine,PG,MIN,82,28,-0.06,-3.65,-3.71,-0.86
2016,389,Doug McDermott,SF,CHI,81,23,-0.79,-2.93,-3.72,-0.71
2016,390,Anthony Brown,F,LAL,29,20.7,-2.95,-0.77,-3.72,-0.23
2016,391,Emmanuel Mudiay,PG,DEN,68,30.4,-1.76,-2.02,-3.78,-0.87
2016,392,Tayshaun Prince,SF,MIN,77,19,-3.94,0.14,-3.8,-0.6
2016,393,Bobby Portis,PF,CHI,62,17.8,-1.58,-2.25,-3.83,-0.49
2016,394,James Anderson,SG,SAC,51,14.1,-3.45,-0.4,-3.85,-0.35
2016,395,Steve Blake,PG,DET,58,17,-1.33,-2.53,-3.86,-0.45
2016,396,Isaiah Canaan,G,PHI,77,25.5,-1.32,-2.63,-3.95,-1.04
2016,397,Briante Weber,G,MIA/MEM,7,24.1,-1.76,-2.27,-4.03,-0.09
2016,398,Greivis Vasquez,PG,MIL,23,20,-1.75,-2.35,-4.1,-0.27
2016,399,Wayne Ellington,SG,BKN,76,21.3,-2.51,-1.61,-4.12,-1.02
2016,400,JaKarr Sampson,F,DEN/PHI,73,15.9,-3.59,-0.57,-4.16,-0.77
2016,401,Joe Young,G,IND,41,9.4,-2.28,-1.91,-4.19,-0.26
2016,402,Timofey Mozgov,C,CLE,76,17.4,-3.85,-0.39,-4.24,-0.91
2016,403,Derrick Rose,PG,CHI,66,31.8,-1.13,-3.14,-4.27,-1.53
2016,404,Julius Randle,PF,LAL,81,28.2,-2.75,-1.55,-4.3,-1.72
2016,405,P.J. Hairston,SF,MEM/CHA,66,19.9,-3.02,-1.33,-4.35,-1.01
2016,406,Shabazz Napier,PG,ORL,55,10.9,-2.01,-2.35,-4.36,-0.46
2016,407,Thomas Robinson,F,BKN,71,12.9,-3.38,-1.07,-4.45,-0.77
2016,408,Adreian Payne,PF,MIN,52,9.3,-3.16,-1.31,-4.47,-0.41
2016,409,Devin Booker,SG,PHX,76,27.7,-0.73,-3.87,-4.6,-2.02
2016,410,Mo Williams,PG,CLE,41,18.2,-2.66,-1.99,-4.65,-0.7
2016,411,Ty Lawson,G,HOU/IND,66,21.4,-3.25,-1.45,-4.7,-1.46
2016,412,Markel Brown,G,BKN,62,15.8,-1.16,-3.64,-4.8,-1.04
2016,413,Nik Stauskas,SG,PHI,73,24.8,-2.36,-2.44,-4.8,-1.98
2016,414,Marco Belinelli,G,SAC,68,24.6,-2.09,-2.78,-4.87,-1.91
2016,415,Bojan Bogdanovic,SF,BKN,79,26.8,-0.95,-3.98,-4.93,-2.42
2016,416,Johnny O'Bryant III,PF,MIL,66,13,-3.81,-1.32,-5.13,-1.04
2016,417,Jahlil Okafor,C,PHI,53,30,-3.72,-1.56,-5.28,-2.18
2016,418,Terry Rozier,PG,BOS,39,8,-3.39,-1.91,-5.3,-0.44
2016,419,Nick Young,G,LAL,54,19.1,-2.02,-3.31,-5.33,-1.43
2016,420,Shabazz Muhammad,F,MIN,82,20.5,-1.13,-4.37,-5.5,-2.52
2016,421,Rashad Vaughn,G,MIL,70,14.3,-3.65,-2.13,-5.78,-1.65
2016,422,Terrence Jones,PF,HOU,50,20.9,-2.3,-3.64,-5.94,-1.92
2016,423,Archie Goodwin,SG,PHX,57,19.5,-2.15,-4.12,-6.27,-2.31
2017,1,LeBron James,SF,CLE,74,37.8,6.49,1.93,8.42,20.43
2017,2,Chris Paul,PG,LAC,61,31.5,5.16,2.76,7.92,13.48
2017,3,Stephen Curry,PG,GS,79,33.4,7.27,0.14,7.41,18.8
2017,4,Draymond Green,PF,GS,76,32.5,1.55,5.59,7.14,16.84
2017,5,Kawhi Leonard,SF,SA,74,33.4,5.83,1.25,7.08,15.53
2017,6,Nikola Jokic,C,DEN,73,27.9,4.44,2.29,6.73,13.18
2017,7,Jimmy Butler,SG,CHI,76,37,4.82,1.8,6.62,17.35
2017,8,Rudy Gobert,C,UTAH,81,33.9,0.35,6.02,6.37,15.55
2017,9,Russell Westbrook,PG,OKC,81,34.6,6.74,-0.47,6.27,17.34
2017,10,Kyle Lowry,PG,TOR,60,37.4,4.7,1.18,5.88,12.67
2017,11,Kevin Durant,SF,GS,62,33.4,4.41,1.33,5.74,12.24
2017,12,Kevin Love,PF,CLE,60,31.4,2.77,2.26,5.03,9.76
2017,13,James Harden,PG,HOU,81,36.4,6.38,-1.57,4.81,15.54
2017,14,Paul Millsap,PF,ATL,69,34,1.23,3.35,4.58,11.51
2017,15,DeAndre Jordan,C,LAC,81,31.7,1.11,3.44,4.55,12.59
2017,16,Mike Conley,PG,MEM,69,33.2,4.67,-0.2,4.47,10.5
2017,17,Anthony Davis,PF,NO,75,36.1,0.45,3.9,4.35,12.81
2017,18,Giannis Antetokounmpo,PF,MIL,80,35.6,2.35,1.86,4.21,13
2017,19,DeMarcus Cousins,C,NO/SAC,72,34.2,3.56,0.64,4.2,11.26
2017,20,Jae Crowder,PF,BOS,72,32.4,2.2,1.69,3.89,10.52
2017,21,Amir Johnson,C,BOS,80,20.1,0.22,3.58,3.8,7.02
2017,22,Blake Griffin,PF,LAC,61,34,3.02,0.76,3.78,9.2
2017,23,George Hill,PG,UTAH,49,31.5,2.64,1.11,3.75,6.28
2017,24,Otto Porter Jr.,SF,WSH,80,32.6,3.12,0.44,3.56,11.21
2017,25,Robert Covington,SF,PHI,67,31.6,-0.77,4.32,3.55,9.23
2017,26,Andre Iguodala,SG,GS,76,26.3,2.01,1.52,3.53,8.72
2017,27,Cody Zeller,C,CHA,62,27.8,-0.07,3.42,3.35,6.97
2017,28,Damian Lillard,PG,POR,75,35.9,4.63,-1.49,3.14,10.72
2017,29,Gordon Hayward,SF,UTAH,73,34.5,3.14,-0.08,3.06,9.45
2017,30,Zaza Pachulia,C,GS,70,18.1,-0.31,3.23,2.92,5.12
2017,31,Danilo Gallinari,SF,DEN,63,33.9,2.67,0.21,2.88,8.39
2017,32,Lucas Nogueira,C,TOR,57,19.1,-0.61,3.34,2.73,4.03
2017,33,Gorgui Dieng,C,MIN,82,32.4,-0.8,3.52,2.72,9.73
2017,34,Kemba Walker,PG,CHA,79,34.7,3.93,-1.25,2.68,9.95
2017,35,Myles Turner,C,IND,81,31.4,0.09,2.57,2.66,9.31
2017,36,Marc Gasol,C,MEM,74,34.2,1.86,0.72,2.58,8.69
2017,37,Paul George,SF,IND,75,35.9,2.67,-0.09,2.58,9.72
2017,38,Joe Ingles,SF,UTAH,82,24,2.29,0.26,2.55,6.68
2017,39,Ricky Rubio,PG,MIN,75,32.9,1.73,0.76,2.49,8.72
2017,40,Patrick Beverley,PG,HOU,67,30.7,1.11,1.37,2.48,7.56
2017,41,Manu Ginobili,G,SA,69,18.7,1.43,1,2.43,4.64
2017,42,James Johnson,PF,MIA,76,27.4,0.42,1.94,2.36,7.31
2017,43,Pau Gasol,C,SA,64,25.4,0.86,1.49,2.35,5.48
2017,44,Klay Thompson,SG,GS,78,34,2.78,-0.45,2.33,9.53
2017,45,Nene Hilario,C,HOU,67,17.9,-1.31,3.62,2.31,4.39
2017,46,Patrick Patterson,PF,TOR,65,24.6,1.05,1.26,2.31,5.4
2017,47,Dewayne Dedmon,C,SA,76,17.5,-1.63,3.94,2.31,4.49
2017,48,John Wall,PG,WSH,78,36.4,3.52,-1.26,2.26,9.9
2017,49,Bradley Beal,SG,WSH,77,34.9,3.29,-1.04,2.25,9.26
2017,50,Nikola Mirotic,PF,CHI,70,24,0.92,1.31,2.23,5.69
2017,51,Karl-Anthony Towns,C,MIN,82,37,3.54,-1.41,2.13,10
2017,52,David West,F,GS,68,12.6,-1.47,3.54,2.07,2.81
2017,53,Kyrie Irving,PG,CLE,72,35.1,4.35,-2.3,2.05,8.28
2017,54,Hassan Whiteside,C,MIA,77,32.6,-0.69,2.72,2.03,8.15
2017,55,Lou Williams,SG,HOU/LAL,81,24.6,3.65,-1.68,1.97,6.73
2017,56,Brook Lopez,C,BKN,75,29.6,1.4,0.55,1.95,7.59
2017,57,Trevor Ariza,SF,HOU,80,34.7,0.86,1.07,1.93,9.29
2017,58,Markieff Morris,PF,WSH,76,31.2,-0.55,2.41,1.86,7.61
2017,59,Isaiah Thomas,PG,BOS,76,33.8,5.72,-3.89,1.83,8.19
2017,60,Al Horford,C,BOS,68,32.3,0.76,1.06,1.82,6.93
2017,61,Jrue Holiday,PG,NO,67,32.7,0.64,1.18,1.82,6.89
2017,62,Rudy Gay,SF,SAC,30,33.8,-0.21,1.96,1.75,3.1
2017,63,Ersan Ilyasova,PF,ATL/PHI/OKC,82,26.1,0.98,0.74,1.72,6.83
2017,64,Joel Embiid,C,PHI,31,25.4,-0.57,2.27,1.7,2.46
2017,65,Eric Bledsoe,PG,PHX,66,33,2.33,-0.64,1.69,6.85
2017,66,Victor Oladipo,SG,OKC,67,33.2,0.1,1.56,1.66,6.88
2017,67,Jeff Teague,PG,IND,82,32.4,1.86,-0.22,1.64,8.08
2017,68,Kristaps Porzingis,PF,NY,66,32.8,-0.31,1.9,1.59,6.54
2017,69,Jerian Grant,PG,CHI,63,16.3,0.5,1.07,1.57,3.03
2017,70,Greg Monroe,C,MIL,81,22.5,1.08,0.47,1.55,5.34
2017,71,Ryan Anderson,PF,HOU,72,29.4,1.63,-0.12,1.51,6.46
2017,72,Malcolm Brogdon,PG,MIL,75,26.4,1.86,-0.42,1.44,5.66
2017,73,Boban Marjanovic,C,DET,35,8.4,-0.24,1.66,1.42,0.82
2017,74,Khris Middleton,SF,MIL,29,30.7,0.14,1.26,1.4,2.44
2017,75,Steven Adams,C,OKC,80,29.9,-0.3,1.68,1.38,7.01
2017,76,Marreese Speights,F,LAC,82,15.7,0.67,0.69,1.36,3.66
2017,77,Vince Carter,SF,MEM,73,24.7,1.36,-0.06,1.3,4.81
2017,78,Kyle Anderson,SF,SA,72,14.2,-1.81,3.11,1.3,2.84
2017,79,Patty Mills,PG,SA,80,21.9,2.53,-1.26,1.27,4.86
2017,80,Al-Farouq Aminu,PF,POR,61,29.1,-1.86,3.13,1.27,4.86
2017,81,Danny Green,SG,SA,68,26.6,-0.45,1.71,1.26,4.83
2017,82,Nerlens Noel,PF,DAL/PHI,51,20.5,-1.33,2.58,1.25,2.95
2017,83,Andre Roberson,SG,OKC,79,30.1,-1.4,2.64,1.24,6.73
2017,84,Nemanja Bjelica,PF,MIN,65,18.3,-0.71,1.94,1.23,3.24
2017,85,Jared Dudley,SF,PHX,64,21.3,-0.67,1.89,1.22,3.94
2017,86,Tyson Chandler,C,PHX,47,27.6,-1.06,2.2,1.14,3.55
2017,87,CJ McCollum,SG,POR,80,35,3.01,-1.87,1.14,7.52
2017,88,David Lee,PF,SA,79,18.7,-0.38,1.5,1.12,3.98
2017,89,PJ Tucker,SF,PHX/TOR,81,27.6,-0.69,1.78,1.09,5.98
2017,90,Channing Frye,F,CLE,74,18.9,1.62,-0.58,1.04,3.7
2017,91,Eric Gordon,SG,HOU,75,31,1.51,-0.48,1.03,6.36
2017,92,LaMarcus Aldridge,PF,SA,72,32.4,-0.09,1.05,0.96,5.79
2017,93,Nicolas Batum,SF,CHA,77,34,1.3,-0.35,0.95,6.73
2017,94,Salah Mejri,C,DAL,73,12.4,-2.71,3.66,0.95,2.23
2017,95,JaVale McGee,C,GS,77,9.6,0.83,0.11,0.94,2.04
2017,96,Tobias Harris,SF,DET,82,31.3,1.19,-0.25,0.94,6.55
2017,97,Mason Plumlee,PF,DEN/POR,81,26.5,0.71,0.22,0.93,5.6
2017,98,Goran Dragic,PG,MIA,73,33.7,2.54,-1.62,0.92,6.3
2017,99,Dwight Howard,C,ATL,74,29.7,-1.7,2.6,0.9,5.65
2017,100,Larry Nance Jr.,PF,LAL,63,22.9,-1.26,2.16,0.9,3.79
2017,101,Ian Mahinmi,C,WSH,31,17.9,-2.22,3.11,0.89,1.44
2017,102,Maurice Harkless,SF,POR,77,28.9,0.38,0.49,0.87,5.67
2017,103,Thaddeus Young,PF,IND,74,30.2,-1.09,1.94,0.85,5.66
2017,104,DeMarre Carroll,SF,TOR,72,26.1,0,0.83,0.83,4.66
2017,105,Tim Hardaway Jr.,G,ATL,79,27.3,1.9,-1.08,0.82,5.45
2017,106,Nikola Vucevic,C,ORL,75,28.8,-1.38,2.15,0.77,5.44
2017,107,Luc Mbah a Moute,PF,LAC,80,22.3,-1.56,2.32,0.76,4.43
2017,108,Marcus Smart,PG,BOS,79,30.4,0.26,0.49,0.75,5.98
2017,109,Devin Harris,PG,DAL,65,16.7,0.38,0.32,0.7,2.58
2017,110,Wayne Ellington,SG,MIA,62,24.2,2.26,-1.6,0.66,3.58
2017,111,Nick Young,G,LAL,60,25.9,2.28,-1.63,0.65,3.82
2017,112,Jusuf Nurkic,C,DEN/POR,65,21.4,-2.11,2.73,0.62,3.32
2017,113,Luke Babbitt,F,MIA,68,15.7,-0.64,1.24,0.6,2.5
2017,114,Serge Ibaka,PF,ORL/TOR,79,30.7,-0.51,1.08,0.57,5.7
2017,115,Alan Williams,PF,PHX,47,15.1,-0.94,1.49,0.55,1.75
2017,116,Ish Smith,PG,DET,81,24.1,0.28,0.25,0.53,4.48
2017,117,Seth Curry,SG,DAL,70,29,0.52,0.01,0.53,4.51
2017,118,Marcus Morris,PF,DET,79,32.5,-0.11,0.63,0.52,5.85
2017,119,Gary Harris,SG,DEN,57,31.3,2.88,-2.37,0.51,4.29
2017,120,Michael Kidd-Gilchrist,SF,CHA,81,29,-1.97,2.47,0.5,5.31
2017,121,Kelly Olynyk,PF,BOS,75,20.5,-0.31,0.81,0.5,3.54
2017,122,Aron Baynes,C,DET,75,15.5,-2.45,2.93,0.48,2.63
2017,123,Aaron Gordon,PF,ORL,80,28.7,1.25,-0.78,0.47,5.32
2017,124,Jeremy Lin,PG,BKN,36,24.5,0.48,-0.03,0.45,2.21
2017,125,Frank Kaminsky,PF,CHA,75,26.1,0.96,-0.51,0.45,4.4
2017,126,Solomon Hill,SF,NO,80,29.7,-1.06,1.49,0.43,5.4
2017,127,CJ Miles,SF,IND,76,23.4,1.3,-0.95,0.35,3.85
2017,128,Thabo Sefolosha,SF,ATL,62,25.7,-1.93,2.27,0.34,3.55
2017,129,Elfrid Payton,PG,ORL,82,29.4,1.12,-0.78,0.34,5.38
2017,130,Andrew Bogut,C,CLE/DAL,27,21.6,-4.01,4.34,0.33,1.2
2017,131,Tyler Johnson,SG,MIA,73,29.8,0.13,0.18,0.31,4.72
2017,132,James Ennis III,SF,MEM,64,23.5,-1.13,1.4,0.27,2.48
2017,133,Dirk Nowitzki,PF,DAL,54,26.4,-0.38,0.64,0.26,3.02
2017,134,Taj Gibson,PF,CHI/OKC,78,25.5,-1.76,2.02,0.26,4.29
2017,135,Jason Terry,G,MIL,74,18.4,-0.41,0.61,0.2,2.81
2017,136,Wesley Matthews,SG,DAL,73,34.2,0.09,0.11,0.2,5.06
2017,137,DeMar DeRozan,SG,TOR,74,35.4,2.21,-2.04,0.17,5.46
2017,138,Terrence Ross,SG,ORL/TOR,78,25.1,1.36,-1.23,0.13,4.06
2017,139,Carmelo Anthony,PF,NY,74,34.3,1.87,-1.75,0.12,5.26
2017,140,Tony Allen,SG,MEM,71,27,-2.03,2.15,0.12,3.76
2017,141,Davis Bertans,SF,SA,67,12.1,0.07,-0.01,0.06,1.64
2017,142,Kosta Koufos,C,SAC,71,20,-2.78,2.83,0.05,2.79
2017,143,Dion Waiters,SG,MIA,46,30.1,0.12,-0.07,0.05,2.8
2017,144,Jameer Nelson,G,DEN,75,27.3,0.45,-0.44,0.01,4.17
2017,145,Cole Aldrich,C,MIN,62,8.6,-1.82,1.83,0.01,1.04
2017,146,Jonas Valanciunas,C,TOR,80,25.8,-0.74,0.75,0.01,4.06
2017,147,Tristan Thompson,C,CLE,78,29.9,-1.31,1.31,0,4.62
2017,148,Shawn Long,F,PHI,18,13,-0.31,0.3,-0.01,0.47
2017,149,JaMychal Green,PF,MEM,77,27.3,-0.41,0.39,-0.02,3.94
2017,150,Marcin Gortat,C,WSH,82,31.2,-1.25,1.18,-0.07,5.01
2017,151,Marvin Williams,PF,CHA,76,30.2,-0.02,-0.07,-0.09,4.36
2017,152,Kyle O'Quinn,C,NY,79,15.6,-1.28,1.16,-0.12,2.31
2017,153,Deron Williams,PG,CLE/DAL,64,25.9,0.69,-0.91,-0.22,2.95
2017,154,Tyus Jones,PG,MIN,60,12.9,0.11,-0.34,-0.23,1.4
2017,155,Andre Drummond,C,DET,81,29.7,-1.8,1.55,-0.25,4.33
2017,156,Beno Udrih,PG,DET,39,14.4,-0.39,0.13,-0.26,0.98
2017,157,Trevor Booker,F,BKN,71,24.7,-2.29,2,-0.29,3.3
2017,158,Delon Wright,PG,TOR,27,16.5,-1.28,0.98,-0.3,0.77
2017,159,Luol Deng,SF,LAL,56,26.5,-1.87,1.54,-0.33,2.69
2017,160,Harrison Barnes,SF,DAL,79,35.5,-0.44,0.11,-0.33,4.78
2017,161,Justin Holiday,SF,NY,82,20,-0.58,0.25,-0.33,2.87
2017,162,Adreian Payne,PF,MIN,18,7.5,-1.69,1.36,-0.33,0.24
2017,163,Willy Hernangomez,C,NY,72,18.4,-0.75,0.4,-0.35,2.37
2017,164,Clint Capela,C,HOU,65,23.9,-1.47,1.12,-0.35,2.82
2017,165,Chris Andersen,PF,CLE,12,9.5,-1.4,1.02,-0.38,0.2
2017,166,JJ Redick,SG,LAC,78,28.2,1.73,-2.11,-0.38,3.86
2017,167,Mike Muscala,PF,ATL,70,17.7,-0.02,-0.36,-0.38,2.11
2017,168,Rondae Hollis-Jefferson,SF,BKN,78,22.6,-2.16,1.78,-0.38,3.29
2017,169,Roy Hibbert,C,DEN/CHA,48,14.2,-2.48,2.08,-0.4,1.21
2017,170,Darren Collison,PG,SAC,68,30.3,1.06,-1.47,-0.41,3.44
2017,171,Reggie Bullock,SG,DET,31,15.1,-0.98,0.57,-0.41,0.79
2017,172,Brandan Wright,F,MEM,28,16,-0.86,0.4,-0.46,0.71
2017,173,Ryan Kelly,PF,ATL,16,6.9,-1.94,1.45,-0.49,0.08
2017,174,Spencer Dinwiddie,PG,BKN,59,22.6,-0.8,0.31,-0.49,2.29
2017,175,Richaun Holmes,PF,PHI,57,20.9,-0.32,-0.18,-0.5,2.01
2017,176,Raul Neto,PG,UTAH,40,8.7,-1.43,0.92,-0.51,0.53
2017,177,Jason Smith,PF,WSH,74,14.4,-1.08,0.54,-0.54,1.75
2017,178,Tarik Black,C,LAL,67,16.3,-2.5,1.96,-0.54,1.81
2017,179,Garrett Temple,SG,SAC,65,26.6,-0.14,-0.46,-0.6,2.67
2017,180,Kentavious Caldwell-Pope,SG,DET,76,33.3,0.71,-1.31,-0.6,4.02
2017,181,Enes Kanter,C,OKC,72,21.3,0.56,-1.24,-0.68,2.4
2017,182,Derrick Favors,PF,UTAH,50,23.7,-2.76,2.06,-0.7,1.73
2017,183,Darrell Arthur,F,DEN,41,15.6,-0.91,0.2,-0.71,0.99
2017,184,Ty Lawson,G,SAC,69,25.1,0.49,-1.21,-0.72,2.63
2017,185,Corey Brewer,F,HOU/LAL,82,15.6,-1.75,1,-0.75,1.99
2017,186,Joe Johnson,G,UTAH,78,23.6,0.79,-1.56,-0.77,2.58
2017,187,Rodney Hood,SG,UTAH,59,27,-0.26,-0.51,-0.77,2.23
2017,188,Jabari Parker,PF,MIL,51,33.9,0.83,-1.61,-0.78,2.59
2017,189,Paul Pierce,SF,LAC,25,11.1,-2.04,1.24,-0.8,0.4
2017,190,Jon Leuer,PF,DET,75,25.9,-1.43,0.58,-0.85,2.78
2017,191,Tony Snell,SG,MIL,80,29.2,-0.02,-0.85,-0.87,3.29
2017,192,Derrick Jones Jr.,SF,PHX,32,17,-1.06,0.18,-0.88,0.82
2017,193,Dwyane Wade,SG,CHI,60,29.9,-0.45,-0.46,-0.91,2.52
2017,194,Jonathon Simmons,SF,SA,78,17.8,-2.03,1.12,-0.91,1.94
2017,195,Mike Tobey,C,CHA,2,12.5,-1.91,0.99,-0.92,0.03
2017,196,Joel Bolomboy,PF,UTAH,12,4.4,-1.95,1.03,-0.92,0.07
2017,197,Courtney Lee,SG,NY,77,31.9,0.58,-1.51,-0.93,3.4
2017,198,Dante Cunningham,SF,NO,66,25,-0.37,-0.56,-0.93,2.29
2017,199,Jeff Withey,C,UTAH,51,8.5,-1.5,0.57,-0.93,0.58
2017,200,Joel Anthony,PF,SA,19,6.4,-2.41,1.44,-0.97,0.17
2017,201,Kevon Looney,SF,GS,53,8.4,-2.03,1.05,-0.98,0.63
2017,202,Montrezl Harrell,PF,HOU,58,18.3,-0.39,-0.6,-0.99,1.5
2017,203,Tomas Satoransky,SG,WSH,57,12.6,-2.1,1.08,-1.02,0.93
2017,204,Omer Asik,C,NO,31,15.5,-2.97,1.94,-1.03,0.65
2017,205,Jonas Jerebko,PF,BOS,78,15.8,-0.89,-0.14,-1.03,1.63
2017,206,Anthony Tolliver,PF,SAC,65,22.7,-0.07,-0.97,-1.04,1.93
2017,207,Nick Collison,F,OKC,20,6.4,-2.18,1.12,-1.06,0.17
2017,208,Joakim Noah,C,NY,46,22.1,-2.23,1.17,-1.06,1.32
2017,209,Terry Rozier,PG,BOS,74,17.1,-1.05,-0.01,-1.06,1.65
2017,210,Thon Maker,PF,MIL,57,9.9,-1.23,0.17,-1.06,0.7
2017,211,Luis Scola,F,BKN,36,12.8,-0.8,-0.29,-1.09,0.62
2017,212,Anderson Varejao,C,GS,14,6.6,-1.74,0.65,-1.09,0.1
2017,213,T.J. McConnell,PG,PHI,81,26.3,-1.32,0.23,-1.09,2.86
2017,214,Christian Wood,PF,CHA,13,8.2,-2.06,0.97,-1.09,0.13
2017,215,Evan Fournier,SG,ORL,68,32.9,0.07,-1.17,-1.1,2.89
2017,216,Marshall Plumlee,C,NY,21,8.1,-1.75,0.65,-1.1,0.22
2017,217,Iman Shumpert,SG,CLE,76,25.5,-0.98,-0.16,-1.14,2.43
2017,218,Josh Huestis,F,OKC,2,15.5,-1.97,0.83,-1.14,0.04
2017,219,Jordan Hill,C,MIN,7,6.7,-2.31,1.16,-1.15,0.06
2017,220,Will Barton,SG,DEN,60,28.4,0.05,-1.2,-1.15,2.2
2017,221,Cristiano Felicio,PF,CHI,66,15.8,-1.55,0.39,-1.16,1.28
2017,222,Wesley Johnson,SF,LAC,68,11.9,-3.79,2.62,-1.17,1.01
2017,223,Willie Reed,C,MIA,71,14.5,-2.42,1.25,-1.17,1.28
2017,224,Dwight Powell,PF,DAL,77,17.3,-0.66,-0.51,-1.17,1.58
2017,225,Willie Cauley-Stein,C,SAC,75,18.9,-2.07,0.9,-1.17,1.72
2017,226,Kent Bazemore,SG,ATL,73,26.9,-0.69,-0.5,-1.19,2.41
2017,227,Marco Belinelli,G,CHA,74,24,0.67,-1.87,-1.2,2.15
2017,228,Taurean Prince,SF,ATL,59,16.6,-3.7,2.47,-1.23,1.2
2017,229,Wilson Chandler,SF,DEN,71,30.9,0.3,-1.54,-1.24,2.69
2017,230,Meyers Leonard,PF,POR,74,16.5,-1.5,0.26,-1.24,1.48
2017,231,Brice Johnson,PF,LAC,3,3,-2.32,1.08,-1.24,0.01
2017,232,Brandon Jennings,G,NY/WSH,81,22.2,0.25,-1.5,-1.25,2.15
2017,233,Norman Powell,SF,TOR,76,18,-0.24,-1.01,-1.25,1.63
2017,234,Matt Barnes,SF,GS/SAC,74,24,-1.18,-0.09,-1.27,2.07
2017,235,Jakob Poeltl,C,TOR,54,11.6,-2.36,1.09,-1.27,0.72
2017,236,Tiago Splitter,C,PHI,8,9.5,-1.97,0.69,-1.28,0.09
2017,237,Jeremy Lamb,SG,CHA,62,18.4,0.04,-1.32,-1.28,1.31
2017,238,JR Smith,SG,CLE,41,29,-0.32,-0.98,-1.3,1.37
2017,239,Caris LeVert,SG,BKN,57,21.7,-0.46,-0.84,-1.3,1.53
2017,240,David Nwaba,SG,LAL,20,19.9,-1.89,0.59,-1.3,0.47
2017,241,Devin Booker,SG,PHX,78,35,1.28,-2.58,-1.3,3.29
2017,242,Ben Bentil,PF,DAL,3,3.3,-1.95,0.65,-1.3,0.01
2017,243,Sam Dekker,SF,HOU,77,18.4,0.05,-1.42,-1.37,1.64
2017,244,Chris McCullough,F,BKN/WSH,16,5,-1.58,0.18,-1.4,0.09
2017,245,Zach Randolph,PF,MEM,73,24.5,-0.37,-1.05,-1.42,1.83
2017,246,J.J. Barea,PG,DAL,35,22,0.15,-1.57,-1.42,0.8
2017,247,Robin Lopez,C,CHI,81,28,-2.07,0.63,-1.44,2.42
2017,248,Al Jefferson,C,IND,66,14.1,-1,-0.45,-1.45,0.98
2017,249,Rodney McGruder,SF,MIA,78,25.2,-0.58,-0.9,-1.48,2.04
2017,250,Mirza Teletovic,PF,MIL,70,16.2,-1.05,-0.44,-1.49,1.16
2017,251,Tyreke Evans,SG,NO/SAC,40,19.7,-1.52,0.02,-1.5,0.81
2017,252,AJ Hammons,C,DAL,22,7.4,-2.77,1.27,-1.5,0.16
2017,253,Shabazz Napier,PG,POR,53,9.7,-0.12,-1.39,-1.51,0.51
2017,254,Jamal Murray,PG,DEN,82,21.5,0.06,-1.57,-1.51,1.86
2017,255,Alexis Ajinca,C,NO,39,15,-3.17,1.64,-1.53,0.6
2017,256,Malik Beasley,SG,DEN,22,7.5,-1.74,0.21,-1.53,0.18
2017,257,Juan Hernangomez,PF,DEN,62,13.6,-0.85,-0.69,-1.54,0.88
2017,258,Langston Galloway,SG,NO/SAC,74,20.2,0.1,-1.65,-1.55,1.46
2017,259,Josh Richardson,SG,MIA,53,30.5,-1.63,0.06,-1.57,1.57
2017,260,Mike Miller,SG,DEN,20,7.6,-1.93,0.35,-1.58,0.16
2017,261,Andrew Harrison,SG,MEM,72,20.5,-1.2,-0.38,-1.58,1.38
2017,262,Andrew Wiggins,SF,MIN,82,37.2,1.56,-3.16,-1.6,2.94
2017,263,Lamar Patterson,SG,ATL,5,8,-2.23,0.62,-1.61,0.03
2017,264,Fred VanVleet,PG,TOR,37,7.9,-2.44,0.83,-1.61,0.28
2017,265,Kenneth Faried,PF,DEN,61,21.2,-0.07,-1.55,-1.62,1.27
2017,266,Johnny O'Bryant III,PF,DEN/CHA,11,7.3,-1.92,0.3,-1.62,0.08
2017,267,John Henson,F,MIL,58,19.4,-3.42,1.79,-1.63,1.05
2017,268,Richard Jefferson,F,CLE,79,20.4,-1.16,-0.48,-1.64,1.51
2017,269,Jodie Meeks,G,ORL,36,20.5,-0.05,-1.6,-1.65,0.7
2017,270,Bruno Caboclo,F,TOR,9,4.4,-1.76,0.11,-1.65,0.04
2017,271,Tony Parker,PG,SA,63,25.2,-0.69,-0.97,-1.66,1.42
2017,272,Jordan Crawford,G,NO,19,23.3,0.82,-2.48,-1.66,0.38
2017,273,Alonzo Gee,SF,DEN,13,6.8,-2.11,0.43,-1.68,0.08
2017,274,Jarell Eddie,F,PHX,5,12.4,-2.31,0.62,-1.69,0.06
2017,275,Michael Carter-Williams,PG,CHI,45,18.8,-2.82,1.12,-1.7,0.77
2017,276,Rakeem Christmas,PF,IND,29,7.6,-2.2,0.5,-1.7,0.2
2017,277,D'Angelo Russell,PG,LAL,63,28.7,0.75,-2.45,-1.7,1.69
2017,278,Timothe Luwawu-Cabarrot,SG,PHI,69,17.2,-2.27,0.57,-1.7,1.11
2017,279,Pierre Jackson,PG,DAL,8,10.5,-0.96,-0.76,-1.72,0.02
2017,280,Aaron Harrison,G,CHA,5,3.4,-1.42,-0.32,-1.74,0.01
2017,281,Anthony Brown,F,NO/ORL,11,14.5,-1.42,-0.34,-1.76,0.08
2017,282,Damian Jones,C,GS,10,8.5,-2.58,0.8,-1.78,0.07
2017,283,Jared Sullinger,C,TOR,11,10.7,-2.7,0.9,-1.8,0.1
2017,284,Daniel Ochefu,PF,WSH,19,3.9,-2.35,0.55,-1.8,0.06
2017,285,Danuel House Jr.,SF,WSH,1,1,-1.76,-0.04,-1.8,0
2017,286,E'Twaun Moore,G,NO,73,24.9,-0.24,-1.58,-1.82,1.5
2017,287,Julius Randle,PF,LAL,74,28.8,-0.79,-1.03,-1.82,1.83
2017,288,Jarrett Jack,G,NO,2,16.5,-1.85,0.01,-1.84,0.03
2017,289,Rajon Rondo,PG,CHI,69,26.7,-1.35,-0.49,-1.84,1.51
2017,290,Dario Saric,PF,PHI,81,26.3,-1.25,-0.62,-1.87,1.74
2017,291,Tyler Ennis,G,HOU/LAL,53,11.1,-1.36,-0.51,-1.87,0.49
2017,292,Kris Humphries,PF,ATL,56,12.3,-2.3,0.41,-1.89,0.54
2017,293,Matthew Dellavedova,PG,MIL,76,26.1,-0.88,-1.01,-1.89,1.54
2017,294,Austin Rivers,G,LAC,74,27.8,-0.17,-1.73,-1.9,1.62
2017,295,John Lucas III,PG,MIN,5,2.2,-1.3,-0.61,-1.91,0.01
2017,296,Glenn Robinson III,SG,IND,69,20.7,-1.25,-0.67,-1.92,1.1
2017,297,Henry Ellenson,F,DET,19,7.7,-2.32,0.38,-1.94,0.1
2017,298,Kyle Wiltjer,F,HOU,14,3.1,-2.54,0.57,-1.97,0.04
2017,299,Skal Labissiere,PF,SAC,33,18.5,-1.93,-0.04,-1.97,0.45
2017,300,Mindaugas Kuzminskas,F,NY,68,14.9,-0.8,-1.2,-2,0.72
2017,301,Domantas Sabonis,PF,OKC,81,20.1,-3.9,1.86,-2.04,1.14
2017,302,Hollis Thompson,SF,NO/PHI,40,18.8,-0.82,-1.23,-2.05,0.38
2017,303,Anthony Bennett,PF,BKN,23,11.5,-0.76,-1.29,-2.05,0.19
2017,304,Dahntay Jones,SG,CLE,1,12,-1.68,-0.38,-2.06,0.01
2017,305,Udonis Haslem,PF,MIA,16,8.1,-2.79,0.73,-2.06,0.09
2017,306,Justin Hamilton,C,BKN,64,18.4,-1.64,-0.42,-2.06,0.84
2017,307,Pat Connaughton,SG,POR,39,8.1,-1.28,-0.79,-2.07,0.21
2017,308,Demetrius Jackson,PG,BOS,5,3.4,-1.77,-0.3,-2.07,0.01
2017,309,Metta World Peace,SF,LAL,25,6.4,-2.61,0.53,-2.08,0.11
2017,310,James Michael McAdoo,SF,GS,52,8.8,-3.15,1.07,-2.08,0.31
2017,311,Denzel Valentine,SG,CHI,57,17.1,-2.21,0.13,-2.08,0.64
2017,312,Sasha Vujacic,SG,NY,42,9.7,-2.35,0.26,-2.09,0.27
2017,313,Terrence Jones,PF,NO/MIL,54,23.5,-1.38,-0.72,-2.1,0.84
2017,314,Chasson Randle,G,NY/PHI,26,11.5,-0.74,-1.36,-2.1,0.2
2017,315,Chinanu Onuaku,C,HOU,5,10.4,-2.25,0.15,-2.1,0.04
2017,316,R.J. Hunter,G,CHI,3,3,-1.38,-0.73,-2.11,0.01
2017,317,Anthony Morrow,SG,CHI/OKC,49,14.6,-0.66,-1.46,-2.12,0.46
2017,318,Troy Daniels,SG,MEM,67,17.7,-0.02,-2.1,-2.12,0.72
2017,319,Alex Abrines,SG,OKC,68,15.5,0.13,-2.25,-2.12,0.69
2017,320,T.J. Warren,SF,PHX,66,31,0.3,-2.44,-2.14,1.34
2017,321,Greivis Vasquez,PG,BKN,3,13,-1.77,-0.38,-2.15,0.03
2017,322,Avery Bradley,SG,BOS,55,33.4,-0.44,-1.72,-2.16,1.13
2017,323,Okaro White,F,MIA,35,13.5,-2.13,-0.03,-2.16,0.28
2017,324,James Young,G,BOS,29,7.6,-1.88,-0.28,-2.16,0.14
2017,325,Treveon Graham,SG,CHA,27,7,-2.19,0.02,-2.17,0.11
2017,326,James Jones,SG,CLE,48,7.9,-0.91,-1.27,-2.18,0.23
2017,327,Yogi Ferrell,PG,DAL/BKN,46,26,-0.99,-1.21,-2.2,0.39
2017,328,Mike Dunleavy,SG,ATL/CLE,53,15.9,-2.26,0.05,-2.21,0.49
2017,329,KJ McDaniels,F,HOU/BKN,49,10.3,-1.54,-0.68,-2.22,0.3
2017,330,Dorian Finney-Smith,SF,DAL,81,20.3,-1.92,-0.3,-2.22,0.9
2017,331,Stephen Zimmerman,C,ORL,19,5.7,-2.79,0.57,-2.22,0.06
2017,332,Derrick Rose,PG,NY,64,32.5,0.11,-2.36,-2.25,1.17
2017,333,Miles Plumlee,C,MIL/CHA,45,10.8,-2.79,0.52,-2.27,0.25
2017,334,Raymond Felton,PG,LAC,80,21.3,-1.4,-0.88,-2.28,0.92
2017,335,Diamond Stone,C,LAC,7,3.4,-2.77,0.49,-2.28,0.01
2017,336,Omri Casspi,SF,NO/MIN/SAC,36,17.9,-2.35,0.05,-2.3,0.22
2017,337,Tyler Zeller,C,BOS,51,10.3,-2.5,0.2,-2.3,0.28
2017,338,Michael Beasley,SF,MIL,56,16.7,-1.7,-0.61,-2.31,0.48
2017,339,Maurice Ndour,SF,NY,32,10.3,-1.94,-0.37,-2.31,0.07
2017,340,Sheldon Mac,SG,WSH,30,9.6,-2.25,-0.08,-2.33,0.14
2017,341,Thomas Robinson,F,LAL,48,11.7,-1.68,-0.66,-2.34,0.28
2017,342,Michael Gbinije,SG,DET,9,3.6,-2.17,-0.17,-2.34,0.02
2017,343,Alex Len,C,PHX,77,20.3,-3.62,1.28,-2.34,0.81
2017,344,Kyle Singler,F,OKC,32,12,-3.25,0.9,-2.35,0.19
2017,345,Tim Quarterman,G,POR,16,5,-1.95,-0.4,-2.35,0.04
2017,346,DeAndre Liggins,G,CLE/DAL,62,12.5,-3.13,0.76,-2.37,0.37
2017,347,Alex Poythress,F,PHI,6,26.2,-1.91,-0.47,-2.38,0.07
2017,348,Stanley Johnson,SF,DET,77,17.8,-2.34,-0.04,-2.38,0.63
2017,349,Tim Frazier,PG,NO,65,23.5,-0.73,-1.67,-2.4,0.7
2017,350,Sean Kilpatrick,G,BKN,70,25.1,-0.07,-2.36,-2.43,0.81
2017,351,Kelly Oubre Jr.,F,WSH,79,20.3,-1.67,-0.76,-2.43,0.71
2017,352,Malachi Richardson,SG,SAC,22,9,-2.29,-0.14,-2.43,0.09
2017,353,Cory Joseph,PG,TOR,80,25,-0.5,-1.94,-2.44,0.86
2017,354,Bobby Portis,PF,CHI,64,15.6,-1.94,-0.5,-2.44,0.43
2017,355,Dennis Schroder,PG,ATL,79,31.5,0.31,-2.76,-2.45,1.07
2017,356,Joffrey Lauvergne,F,CHI/OKC,70,14,-1.22,-1.27,-2.49,0.39
2017,357,Bismack Biyombo,C,ORL,81,22.1,-3.33,0.77,-2.56,0.63
2017,358,Rodney Stuckey,PG,IND,39,17.8,-1.66,-0.91,-2.57,0.23
2017,359,Nik Stauskas,SG,PHI,80,27.4,-0.32,-2.25,-2.57,0.78
2017,360,Quincy Acy,F,DAL/BKN,38,14.7,-2.38,-0.21,-2.59,0.01
2017,361,Georges Niang,SF,IND,23,4,-2.99,0.37,-2.62,0.03
2017,362,Brandon Bass,PF,LAC,52,11.1,-1.06,-1.59,-2.65,0.17
2017,363,Allen Crabbe,SG,POR,79,28.5,0.22,-2.87,-2.65,0.68
2017,364,Mike Scott,PF,ATL,18,10.8,-2.92,0.26,-2.66,0.06
2017,365,Jerryd Bayless,PG,PHI,3,23.7,-2.23,-0.47,-2.7,0.02
2017,366,Nicolas Laprovittola,G,SA,18,9.7,-1.52,-1.19,-2.71,0.04
2017,367,Trey Lyles,PF,UTAH,71,16.3,-2.48,-0.23,-2.71,0.29
2017,368,Wayne Selden,SG,NO/MEM,14,16.9,-2.44,-0.28,-2.72,0.06
2017,369,Shaun Livingston,PG,GS,76,17.7,-2.55,-0.19,-2.74,0.33
2017,370,Gerald Green,SG,BOS,47,11.4,-1.27,-1.47,-2.74,0.13
2017,371,Kyle Korver,SG,ATL/CLE,67,26.2,-0.15,-2.61,-2.76,0.41
2017,372,Jose Calderon,PG,ATL/LAL,41,13.1,-2.4,-0.36,-2.76,0.12
2017,373,Ronnie Price,PG,PHX,14,9.6,-2.24,-0.53,-2.77,0.03
2017,374,Sergio Rodriguez,PG,PHI,68,22.3,-0.66,-2.11,-2.77,0.35
2017,375,Jordan Mickey,F,BOS,25,5.6,-2.62,-0.15,-2.77,0.03
2017,376,Georgios Papagiannis,C,SAC,22,16.1,-2.47,-0.3,-2.77,0.08
2017,377,Shelvin Mack,PG,UTAH,55,21.9,-1.51,-1.28,-2.79,0.25
2017,378,Dante Exum,PG,UTAH,66,18.6,-2.14,-0.65,-2.79,0.25
2017,379,Dejounte Murray,PG,SA,38,8.5,-1.97,-0.83,-2.8,0.07
2017,380,Quinn Cook,PG,NO/DAL,14,13.4,-1.44,-1.38,-2.82,0.01
2017,381,Bobby Brown,PG,HOU,25,4.9,-1.69,-1.18,-2.87,0.02
2017,382,Josh McRoberts,PF,MIA,22,17.3,-2.87,-0.01,-2.88,0.06
2017,383,Evan Turner,SG,POR,65,25.5,-3.04,0.15,-2.89,0.25
2017,384,Malcolm Delaney,G,ATL,73,17.1,-2.64,-0.25,-2.89,0.18
2017,385,Ian Clark,SG,GS,77,14.8,-1.08,-1.82,-2.9,0.17
2017,386,CJ Wilcox,G,ORL,22,4.9,-2.55,-0.4,-2.95,0.01
2017,387,Monta Ellis,SG,IND,74,27,-1.32,-1.64,-2.96,0.21
2017,388,Zach LaVine,PG,MIN,47,37.2,-0.62,-2.35,-2.97,0.17
2017,389,Noah Vonleh,PF,POR,74,17.1,-4.02,1.03,-2.99,0.11
2017,390,Leandro Barbosa,G,PHX,67,14.4,-1.5,-1.5,-3,0.08
2017,391,Spencer Hawes,PF,MIL/CHA,54,14.8,-2.13,-0.87,-3,0.06
2017,392,Patricio Garino,SG,ORL,5,8.6,-2.61,-0.4,-3.01,0
2017,393,Ed Davis,PF,POR,46,17.2,-2.96,-0.06,-3.02,0.05
2017,394,Jake Layman,SF,POR,35,7.1,-2.99,-0.03,-3.02,0.02
2017,395,Norris Cole,PG,OKC,13,9.6,-2.56,-0.48,-3.04,0.01
2017,396,Ramon Sessions,G,CHA,50,16.2,-1.65,-1.4,-3.05,0.04
2017,397,C.J. Watson,PG,ORL,62,16.3,-2.41,-0.64,-3.05,0.05
2017,398,Jarrod Uthoff,SF,DAL,9,12.8,-2.29,-0.76,-3.05,0.01
2017,399,Kris Dunn,PG,MIN,78,17.1,-2.64,-0.41,-3.05,0.06
2017,400,Jarell Martin,PF,MEM,42,13.3,-4.23,1.17,-3.06,0.02
2017,401,Boris Diaw,C,UTAH,73,17.6,-2.58,-0.5,-3.08,0.03
2017,402,Timofey Mozgov,C,LAL,54,20.4,-4.02,0.93,-3.09,0.03
2017,403,Isaiah Taylor,G,HOU,4,13,-2.19,-0.9,-3.09,0
2017,404,Isaiah Whitehead,G,BKN,73,22.5,-1.95,-1.16,-3.11,0.02
2017,405,Deyonta Davis,C,MEM,36,6.6,-2.88,-0.24,-3.12,0
2017,406,Buddy Hield,SG,NO/SAC,82,23,-0.92,-2.28,-3.2,-0.09
2017,407,Jamal Crawford,SG,LAC,82,26.3,-0.06,-3.18,-3.24,-0.16
2017,408,Ron Baker,SG,NY,52,16.5,-2.68,-0.56,-3.24,-0.06
2017,409,Donatas Motiejunas,PF,NO,34,14.1,-2.51,-0.74,-3.25,-0.04
2017,410,Aaron Brooks,G,IND,65,13.8,-1.81,-1.47,-3.28,-0.09
2017,411,Damjan Rudez,SF,ORL,45,7,-2.38,-0.9,-3.28,-0.03
2017,412,Ivica Zubac,C,LAL,38,16,-3.04,-0.26,-3.3,-0.07
2017,413,Briante Weber,G,GS/CHA,20,10.3,-2.02,-1.29,-3.31,-0.02
2017,414,Jeff Green,SF,ORL,69,22.2,-2.03,-1.31,-3.34,-0.21
2017,415,Jaylen Brown,SG,BOS,78,17.2,-2.95,-0.42,-3.37,-0.21
2017,416,DeAndre' Bembry,SF,ATL,38,9.8,-2.72,-0.67,-3.39,-0.05
2017,417,Cheick Diallo,PF,NO,17,11.7,-2.54,-0.85,-3.39,-0.03
2017,418,Alec Burks,SG,UTAH,42,15.5,-2.47,-0.94,-3.41,-0.12
2017,419,Marcelo Huertas,PG,LAL,23,10.3,-2.17,-1.25,-3.42,-0.05
2017,420,Pascal Siakam,PF,TOR,55,15.6,-3.93,0.49,-3.44,-0.17
2017,421,Lavoy Allen,F,IND,61,14.3,-2.56,-0.91,-3.47,-0.19
2017,422,Troy Williams,SF,HOU/MEM,30,18.6,-3.06,-0.45,-3.51,-0.14
2017,423,Reggie Jackson,PG,DET,52,27.4,-0.59,-2.94,-3.53,-0.36
2017,424,Paul Zipser,F,CHI,44,19.2,-3.37,-0.19,-3.56,-0.23
2017,425,Alan Anderson,SG,LAC,30,10.3,-2.62,-1.04,-3.66,-0.1
2017,426,Brian Roberts,PG,CHA,41,10.1,-2.62,-1.07,-3.69,-0.15
2017,427,Shabazz Muhammad,F,MIN,78,19.4,-0.56,-3.19,-3.75,-0.6
2017,428,Marquese Chriss,PF,PHX,82,21.3,-1.96,-1.82,-3.78,-0.76
2017,429,Chandler Parsons,SF,MEM,34,19.9,-3.51,-0.33,-3.84,-0.29
2017,430,Brandon Rush,SG,MIN,47,21.9,-3.13,-0.73,-3.86,-0.48
2017,431,Bojan Bogdanovic,SF,BKN/WSH,81,25.7,-0.46,-3.42,-3.88,-1.04
2017,432,Dragan Bender,PF,PHX,43,13.3,-3.2,-0.68,-3.88,-0.28
2017,433,Darrun Hilliard,G,DET,39,9.8,-3.2,-0.69,-3.89,-0.18
2017,434,Justin Anderson,SG,DAL/PHI,75,16.4,-1.36,-2.54,-3.9,-0.59
2017,435,Emmanuel Mudiay,PG,DEN,55,25.6,-1.52,-2.38,-3.9,-0.71
2017,436,Derrick Williams,PF,CLE/MIA,50,16.1,-2.66,-1.25,-3.91,-0.4
2017,437,Justise Winslow,SF,MIA,18,34.7,-4.08,0.16,-3.92,-0.31
2017,438,Gerald Henderson,SG,PHI,72,23.2,-1.51,-2.42,-3.93,-0.87
2017,439,Kevin Seraphin,C,IND,49,11.4,-2.94,-1.07,-4.01,-0.31
2017,440,Jordan Clarkson,PG,LAL,82,29.2,-0.63,-3.39,-4.02,-1.4
2017,441,Joe Young,G,IND,33,4.1,-2.64,-1.42,-4.06,-0.08
2017,442,Jordan McRae,G,CLE,37,10.4,-2.19,-1.87,-4.06,-0.23
2017,443,Jonathan Gibson,G,DAL,17,13.6,-1.95,-2.16,-4.11,-0.15
2017,444,Randy Foye,SG,BKN,69,18.6,-2.7,-1.42,-4.12,-0.85
2017,445,Isaiah Canaan,G,CHI,39,15.2,-3,-1.12,-4.12,-0.37
2017,446,Joe Harris,SF,BKN,52,21.9,-2.46,-1.73,-4.19,-0.82
2017,447,Andrew Nicholson,PF,BKN/WSH,38,9,-3.54,-0.67,-4.21,-0.23
2017,448,Kay Felder,G,CLE,42,9.2,-3.39,-0.85,-4.24,-0.28
2017,449,Nicolas Brussino,SF,DAL,54,9.6,-2.42,-1.82,-4.24,-0.36
2017,450,Tyler Ulis,PG,PHX,61,18.4,-2.03,-2.23,-4.26,-0.86
2017,451,Arron Afflalo,G,SAC,61,25.9,-1.43,-2.85,-4.28,-1.12
2017,452,Rashad Vaughn,G,MIL,41,11.2,-3.44,-0.89,-4.33,-0.35
2017,453,Bryn Forbes,G,SA,36,7.9,-2.78,-1.62,-4.4,-0.22
2017,454,Cameron Payne,PG,CHI/OKC,31,14.9,-4.14,-0.31,-4.45,-0.39
2017,455,Ben McLemore,SG,SAC,61,19.3,-2.88,-1.58,-4.46,-0.99
2017,456,Doug McDermott,SF,CHI/OKC,66,22.8,-0.61,-3.92,-4.53,-1.33
2017,457,Lance Thomas,SF,NY,46,21,-2.87,-1.73,-4.6,-0.91
2017,458,Patrick McCaw,G,GS,71,15.1,-3.09,-1.57,-4.66,-1.1
2017,459,Brandon Ingram,SF,LAL,79,28.8,-1.76,-2.93,-4.69,-2.32
2017,460,Jerami Grant,SF,PHI/OKC,80,19.1,-2.42,-2.29,-4.71,-1.56
2017,461,D.J. Augustin,PG,ORL,78,19.7,-1.53,-3.4,-4.93,-1.74
2017,462,Marcus Thornton,SG,WSH,33,17.4,-1.64,-3.31,-4.95,-0.66
2017,463,Trey Burke,PG,WSH,57,12.3,-2.15,-3.09,-5.24,-0.92
2017,464,Brandon Knight,PG,PHX,54,21.1,-2.24,-3.08,-5.32,-1.63
2017,465,Semaj Christon,PG,OKC,64,15.2,-3.76,-1.69,-5.45,-1.4
2017,466,Jahlil Okafor,C,PHI,50,22.7,-4.43,-1.26,-5.69,-1.85
2017,467,Wade Baldwin IV,PG,MEM,33,12.3,-4.36,-1.43,-5.79,-0.67
2017,468,Mario Hezonja,SF,ORL,65,14.8,-4.4,-2.2,-6.6,-2.09
